flight_id,airline,source,destination,route,departure_time,arrival_time,departure_hour,arrival_hour,departure_period,overnight_flag,flight_duration_minutes,flight_duration_hours,duration_status
SJ010,SpiceJet,CCU,MAA,CCU → MAA,2026-04-20 23:38:41,2026-04-21 02:32:41,23,2,Evening,True,174.0,2.9,Valid
AI155,Air India,BOM,CCU,BOM → CCU,2026-04-20 23:35:41,2026-04-21 01:23:41,23,1,Evening,True,108.0,1.8,Valid
UK094,Vistara,BOM,CCU,BOM → CCU,2026-04-20 23:26:41,2026-04-21 01:11:41,23,1,Evening,True,105.0,1.75,Valid
AI245,Air India,BOM,CCU,BOM → CCU,2026-04-20 23:07:41,2026-04-21 01:43:41,23,1,Evening,True,156.0,2.6,Valid
AI192,Air India,MAA,BOM,MAA → BOM,2026-04-20 23:05:41,2026-04-21 04:04:41,23,4,Evening,True,299.0,4.98,Valid
SJ158,SpiceJet,DEL,HYD,DEL → HYD,2026-04-20 23:05:41,2026-04-21 01:24:41,23,1,Evening,True,139.0,2.32,Valid
6F196,IndiGo,CCU,MAA,CCU → MAA,2026-04-20 23:04:41,2026-04-21 00:47:41,23,0,Evening,True,103.0,1.72,Valid
AI080,Air India,BOM,HYD,BOM → HYD,2026-04-20 23:03:41,2026-04-21 00:35:41,23,0,Evening,True,92.0,1.53,Valid
6F025,IndiGo,BLR,BOM,BLR → BOM,2026-04-20 23:02:41,2026-04-20 23:57:41,23,23,Evening,False,55.0,0.92,Valid
6F251,IndiGo,DEL,BLR,DEL → BLR,2026-04-20 22:56:41,2026-04-20 23:37:41,22,23,Evening,False,41.0,0.68,Valid
AI137,Air India,BOM,DEL,BOM → DEL,2026-04-20 22:49:41,2026-04-21 01:17:41,22,1,Evening,True,148.0,2.47,Valid
6F026,IndiGo,BOM,CCU,BOM → CCU,2026-04-20 22:46:42,2026-04-21 03:13:42,22,3,Evening,True,267.0,4.45,Valid
UK167,Vistara,DEL,MAA,DEL → MAA,2026-04-20 22:45:41,2026-04-21 01:46:41,22,1,Evening,True,181.0,3.02,Valid
UK027,Vistara,BOM,CCU,BOM → CCU,2026-04-20 22:44:41,2026-04-21 01:05:41,22,1,Evening,True,141.0,2.35,Valid
AI069,Air India,DEL,BOM,DEL → BOM,2026-04-20 22:43:41,2026-04-21 02:29:41,22,2,Evening,True,226.0,3.77,Valid
AI058,Air India,BOM,CCU,BOM → CCU,2026-04-20 22:40:41,2026-04-21 00:18:41,22,0,Evening,True,98.0,1.63,Valid
AI140,Air India,BOM,DEL,BOM → DEL,2026-04-20 22:25:41,2026-04-21 02:08:41,22,2,Evening,True,223.0,3.72,Valid
SJ239,SpiceJet,BOM,CCU,BOM → CCU,2026-04-20 22:24:41,2026-04-21 00:10:41,22,0,Evening,True,106.0,1.77,Valid
6F099,IndiGo,MAA,DEL,MAA → DEL,2026-04-20 22:24:41,2026-04-20 22:59:41,22,22,Evening,False,35.0,0.58,Valid
AI048,Air India,CCU,DEL,CCU → DEL,2026-04-20 22:23:41,2026-04-21 02:15:41,22,2,Evening,True,232.0,3.87,Valid
SJ112,SpiceJet,HYD,DEL,HYD → DEL,2026-04-20 22:20:41,2026-04-21 00:40:41,22,0,Evening,True,140.0,2.33,Valid
6F164,IndiGo,BLR,BOM,BLR → BOM,2026-04-20 22:18:41,2026-04-21 00:45:41,22,0,Evening,True,147.0,2.45,Valid
UK021,Vistara,HYD,MAA,HYD → MAA,2026-04-20 22:00:41,2026-04-20 23:50:41,22,23,Evening,False,110.0,1.83,Valid
SJ172,SpiceJet,CCU,DEL,CCU → DEL,2026-04-20 21:58:41,2026-04-21 01:14:41,21,1,Evening,True,196.0,3.27,Valid
AI060,Air India,DEL,HYD,DEL → HYD,2026-04-20 21:58:41,2026-04-20 23:51:41,21,23,Evening,False,113.0,1.88,Valid
SJ205,SpiceJet,HYD,CCU,HYD → CCU,2026-04-20 21:56:41,2026-04-20 23:00:41,21,23,Evening,False,64.0,1.07,Valid
SJ093,SpiceJet,BLR,BOM,BLR → BOM,2026-04-20 21:55:41,2026-04-20 23:01:41,21,23,Evening,False,66.0,1.1,Valid
6F195,IndiGo,CCU,DEL,CCU → DEL,2026-04-20 21:44:41,2026-04-20 22:39:41,21,22,Evening,False,55.0,0.92,Valid
UK003,Vistara,HYD,DEL,HYD → DEL,2026-04-20 21:41:41,2026-04-21 02:19:41,21,2,Evening,True,278.0,4.63,Valid
UK026,Vistara,HYD,MAA,HYD → MAA,2026-04-20 21:38:41,2026-04-20 23:44:41,21,23,Evening,False,126.0,2.1,Valid
6F174,IndiGo,DEL,HYD,DEL → HYD,2026-04-20 21:36:41,2026-04-20 22:16:41,21,22,Evening,False,40.0,0.67,Valid
UK067,Vistara,BOM,CCU,BOM → CCU,2026-04-20 21:36:41,2026-04-21 01:02:41,21,1,Evening,True,206.0,3.43,Valid
SJ149,SpiceJet,HYD,MAA,HYD → MAA,2026-04-20 21:20:41,2026-04-20 23:20:42,21,23,Evening,False,120.02,2.0,Valid
6F213,IndiGo,BLR,BOM,BLR → BOM,2026-04-20 21:05:41,2026-04-21 00:32:41,21,0,Evening,True,207.0,3.45,Valid
UK200,Vistara,CCU,DEL,CCU → DEL,2026-04-20 20:54:41,2026-04-20 22:45:41,20,22,Evening,False,111.0,1.85,Valid
SJ214,SpiceJet,BOM,MAA,BOM → MAA,2026-04-20 20:54:41,2026-04-20 22:10:41,20,22,Evening,False,76.0,1.27,Valid
SJ047,SpiceJet,HYD,BOM,HYD → BOM,2026-04-20 20:44:41,2026-04-20 21:21:41,20,21,Evening,False,37.0,0.62,Valid
AI179,Air India,HYD,BOM,HYD → BOM,2026-04-20 20:41:41,2026-04-21 01:19:41,20,1,Evening,True,278.0,4.63,Valid
SJ153,SpiceJet,DEL,CCU,DEL → CCU,2026-04-20 20:37:41,2026-04-20 22:00:41,20,22,Evening,False,83.0,1.38,Valid
6F236,IndiGo,BOM,DEL,BOM → DEL,2026-04-20 20:35:41,2026-04-20 23:54:41,20,23,Evening,False,199.0,3.32,Valid
UK059,Vistara,HYD,MAA,HYD → MAA,2026-04-20 20:33:41,2026-04-20 22:10:41,20,22,Evening,False,97.0,1.62,Valid
SJ001,SpiceJet,BOM,MAA,BOM → MAA,2026-04-20 20:28:41,2026-04-21 01:15:41,20,1,Evening,True,287.0,4.78,Valid
SJ049,SpiceJet,CCU,DEL,CCU → DEL,2026-04-20 20:26:41,2026-04-21 00:26:41,20,0,Evening,True,240.0,4.0,Valid
6F086,IndiGo,MAA,HYD,MAA → HYD,2026-04-20 20:23:41,2026-04-20 21:00:41,20,21,Evening,False,37.0,0.62,Valid
AI220,Air India,BOM,DEL,BOM → DEL,2026-04-20 20:19:41,2026-04-20 21:57:41,20,21,Evening,False,98.0,1.63,Valid
AI188,Air India,CCU,HYD,CCU → HYD,2026-04-20 20:16:41,2026-04-20 23:02:41,20,23,Evening,False,166.0,2.77,Valid
6F114,IndiGo,BOM,MAA,BOM → MAA,2026-04-20 20:10:41,2026-04-20 21:00:41,20,21,Evening,False,50.0,0.83,Valid
SJ179,SpiceJet,DEL,HYD,DEL → HYD,2026-04-20 20:09:41,2026-04-20 23:39:41,20,23,Evening,False,210.0,3.5,Valid
6F190,IndiGo,DEL,MAA,DEL → MAA,2026-04-20 20:02:41,2026-04-21 00:36:41,20,0,Evening,True,274.0,4.57,Valid
SJ003,SpiceJet,MAA,CCU,MAA → CCU,2026-04-20 19:50:41,2026-04-20 20:32:41,19,20,Evening,False,42.0,0.7,Valid
6F028,IndiGo,HYD,CCU,HYD → CCU,2026-04-20 19:49:41,2026-04-20 21:49:41,19,21,Evening,False,120.0,2.0,Valid
UK036,Vistara,CCU,BLR,CCU → BLR,2026-04-20 19:48:41,2026-04-21 00:12:41,19,0,Evening,True,264.0,4.4,Valid
SJ160,SpiceJet,MAA,BLR,MAA → BLR,2026-04-20 19:45:41,2026-04-20 20:30:41,19,20,Evening,False,45.0,0.75,Valid
6F151,IndiGo,CCU,HYD,CCU → HYD,2026-04-20 19:44:41,2026-04-20 22:04:41,19,22,Evening,False,140.0,2.33,Valid
UK140,Vistara,MAA,BLR,MAA → BLR,2026-04-20 19:37:41,2026-04-20 21:00:41,19,21,Evening,False,83.0,1.38,Valid
AI115,Air India,MAA,BLR,MAA → BLR,2026-04-20 19:37:41,2026-04-21 00:26:41,19,0,Evening,True,289.0,4.82,Valid
AI132,Air India,BLR,BOM,BLR → BOM,2026-04-20 19:32:41,2026-04-20 21:41:41,19,21,Evening,False,129.0,2.15,Valid
UK209,Vistara,MAA,BLR,MAA → BLR,2026-04-20 19:02:41,2026-04-20 21:47:41,19,21,Evening,False,165.0,2.75,Valid
SJ043,SpiceJet,MAA,DEL,MAA → DEL,2026-04-20 18:59:41,2026-04-20 21:08:41,18,21,Evening,False,129.0,2.15,Valid
UK176,Vistara,HYD,BLR,HYD → BLR,2026-04-20 18:41:41,2026-04-20 22:49:41,18,22,Evening,False,248.0,4.13,Valid
UK216,Vistara,MAA,HYD,MAA → HYD,2026-04-20 18:33:41,2026-04-20 21:47:41,18,21,Evening,False,194.0,3.23,Valid
UK150,Vistara,DEL,CCU,DEL → CCU,2026-04-20 18:31:41,2026-04-20 19:01:41,18,19,Evening,False,30.0,0.5,Valid
UK145,Vistara,BOM,HYD,BOM → HYD,2026-04-20 18:30:41,2026-04-20 20:41:41,18,20,Evening,False,131.0,2.18,Valid
6F270,IndiGo,HYD,MAA,HYD → MAA,2026-04-20 18:14:41,2026-04-20 19:02:41,18,19,Evening,False,48.0,0.8,Valid
6F012,IndiGo,CCU,HYD,CCU → HYD,2026-04-20 18:06:41,2026-04-20 21:31:41,18,21,Evening,False,205.0,3.42,Valid
SJ236,SpiceJet,MAA,BOM,MAA → BOM,2026-04-20 18:03:41,2026-04-20 22:02:41,18,22,Evening,False,239.0,3.98,Valid
6F149,IndiGo,BLR,CCU,BLR → CCU,2026-04-20 17:57:41,2026-04-20 20:42:41,17,20,Afternoon,False,165.0,2.75,Valid
UK004,Vistara,BOM,CCU,BOM → CCU,2026-04-20 17:56:41,2026-04-20 18:30:41,17,18,Afternoon,False,34.0,0.57,Valid
UK010,Vistara,MAA,HYD,MAA → HYD,2026-04-20 17:53:41,2026-04-20 20:40:41,17,20,Afternoon,False,167.0,2.78,Valid
UK215,Vistara,BOM,DEL,BOM → DEL,2026-04-20 17:38:41,2026-04-20 19:50:41,17,19,Afternoon,False,132.0,2.2,Valid
SJ116,SpiceJet,HYD,CCU,HYD → CCU,2026-04-20 17:33:41,2026-04-20 19:02:41,17,19,Afternoon,False,89.0,1.48,Valid
SJ023,SpiceJet,HYD,MAA,HYD → MAA,2026-04-20 17:27:41,2026-04-20 19:09:41,17,19,Afternoon,False,102.0,1.7,Valid
UK152,Vistara,BOM,CCU,BOM → CCU,2026-04-20 17:24:41,2026-04-20 20:13:41,17,20,Afternoon,False,169.0,2.82,Valid
SJ202,SpiceJet,CCU,HYD,CCU → HYD,2026-04-20 17:21:41,2026-04-20 19:08:41,17,19,Afternoon,False,107.0,1.78,Valid
6F043,IndiGo,BOM,HYD,BOM → HYD,2026-04-20 17:17:41,2026-04-20 18:43:41,17,18,Afternoon,False,86.0,1.43,Valid
UK173,Vistara,MAA,BLR,MAA → BLR,2026-04-20 17:06:41,2026-04-20 21:22:41,17,21,Afternoon,False,256.0,4.27,Valid
SJ081,SpiceJet,BOM,BLR,BOM → BLR,2026-04-20 17:04:41,2026-04-20 18:53:41,17,18,Afternoon,False,109.0,1.82,Valid
UK153,Vistara,CCU,HYD,CCU → HYD,2026-04-20 16:52:41,2026-04-20 20:53:41,16,20,Afternoon,False,241.0,4.02,Valid
UK187,Vistara,BLR,BOM,BLR → BOM,2026-04-20 16:52:41,2026-04-20 18:42:41,16,18,Afternoon,False,110.0,1.83,Valid
UK055,Vistara,HYD,DEL,HYD → DEL,2026-04-20 16:48:41,2026-04-20 19:31:41,16,19,Afternoon,False,163.0,2.72,Valid
UK181,Vistara,MAA,DEL,MAA → DEL,2026-04-20 16:44:41,2026-04-20 19:26:41,16,19,Afternoon,False,162.0,2.7,Valid
UK074,Vistara,BOM,DEL,BOM → DEL,2026-04-20 16:44:41,2026-04-20 18:41:41,16,18,Afternoon,False,117.0,1.95,Valid
SJ068,SpiceJet,BLR,BOM,BLR → BOM,2026-04-20 16:44:41,2026-04-20 18:48:41,16,18,Afternoon,False,124.0,2.07,Valid
AI242,Air India,BLR,CCU,BLR → CCU,2026-04-20 16:41:41,2026-04-20 17:43:41,16,17,Afternoon,False,62.0,1.03,Valid
SJ237,SpiceJet,BOM,CCU,BOM → CCU,2026-04-20 16:32:41,2026-04-20 19:00:41,16,19,Afternoon,False,148.0,2.47,Valid
6F194,IndiGo,BOM,CCU,BOM → CCU,2026-04-20 16:29:41,2026-04-20 18:27:41,16,18,Afternoon,False,118.0,1.97,Valid
UK063,Vistara,DEL,BOM,DEL → BOM,2026-04-20 16:29:41,2026-04-20 17:41:41,16,17,Afternoon,False,72.0,1.2,Valid
UK068,Vistara,BLR,MAA,BLR → MAA,2026-04-20 16:28:41,2026-04-20 18:09:41,16,18,Afternoon,False,101.0,1.68,Valid
UK224,Vistara,CCU,MAA,CCU → MAA,2026-04-20 16:25:41,2026-04-20 20:24:41,16,20,Afternoon,False,239.0,3.98,Valid
UK077,Vistara,HYD,BOM,HYD → BOM,2026-04-20 16:22:41,2026-04-20 18:00:41,16,18,Afternoon,False,98.0,1.63,Valid
UK207,Vistara,MAA,CCU,MAA → CCU,2026-04-20 16:21:41,2026-04-20 17:36:41,16,17,Afternoon,False,75.0,1.25,Valid
AI221,Air India,MAA,HYD,MAA → HYD,2026-04-20 16:18:41,2026-04-20 18:54:41,16,18,Afternoon,False,156.0,2.6,Valid
UK109,Vistara,BLR,BOM,BLR → BOM,2026-04-20 16:06:41,2026-04-20 17:06:42,16,17,Afternoon,False,60.02,1.0,Valid
UK089,Vistara,BOM,HYD,BOM → HYD,2026-04-20 15:38:41,2026-04-20 19:50:41,15,19,Afternoon,False,252.0,4.2,Valid
AI072,Air India,BLR,CCU,BLR → CCU,2026-04-20 15:34:41,2026-04-20 16:32:41,15,16,Afternoon,False,58.0,0.97,Valid
UK131,Vistara,BOM,DEL,BOM → DEL,2026-04-20 15:33:41,2026-04-20 19:39:41,15,19,Afternoon,False,246.0,4.1,Valid
SJ150,SpiceJet,BOM,HYD,BOM → HYD,2026-04-20 15:33:41,2026-04-20 19:03:41,15,19,Afternoon,False,210.0,3.5,Valid
6F097,IndiGo,BLR,BOM,BLR → BOM,2026-04-20 15:32:41,2026-04-20 16:49:41,15,16,Afternoon,False,77.0,1.28,Valid
6F123,IndiGo,DEL,HYD,DEL → HYD,2026-04-20 15:26:41,2026-04-20 17:12:41,15,17,Afternoon,False,106.0,1.77,Valid
6F017,IndiGo,CCU,BOM,CCU → BOM,2026-04-20 15:25:41,2026-04-20 18:06:41,15,18,Afternoon,False,161.0,2.68,Valid
6F245,IndiGo,CCU,BOM,CCU → BOM,2026-04-20 15:25:41,2026-04-20 18:06:41,15,18,Afternoon,False,161.0,2.68,Valid
6F180,IndiGo,MAA,BLR,MAA → BLR,2026-04-20 15:24:41,2026-04-20 19:48:41,15,19,Afternoon,False,264.0,4.4,Valid
6F152,IndiGo,CCU,DEL,CCU → DEL,2026-04-20 15:21:41,2026-04-20 17:25:41,15,17,Afternoon,False,124.0,2.07,Valid
SJ034,SpiceJet,MAA,BOM,MAA → BOM,2026-04-20 15:20:41,2026-04-20 20:11:41,15,20,Afternoon,False,291.0,4.85,Valid
SJ142,SpiceJet,CCU,BOM,CCU → BOM,2026-04-20 15:14:41,2026-04-20 16:56:41,15,16,Afternoon,False,102.0,1.7,Valid
UK189,Vistara,BLR,MAA,BLR → MAA,2026-04-20 15:07:41,2026-04-20 18:51:41,15,18,Afternoon,False,224.0,3.73,Valid
SJ044,SpiceJet,DEL,CCU,DEL → CCU,2026-04-20 15:06:41,2026-04-20 17:43:41,15,17,Afternoon,False,157.0,2.62,Valid
SJ196,SpiceJet,DEL,HYD,DEL → HYD,2026-04-20 14:58:41,2026-04-20 17:44:41,14,17,Afternoon,False,166.0,2.77,Valid
6F188,IndiGo,DEL,HYD,DEL → HYD,2026-04-20 14:57:41,2026-04-20 19:39:41,14,19,Afternoon,False,282.0,4.7,Valid
6F181,IndiGo,BOM,MAA,BOM → MAA,2026-04-20 14:55:41,2026-04-20 16:43:41,14,16,Afternoon,False,108.0,1.8,Valid
6F077,IndiGo,CCU,DEL,CCU → DEL,2026-04-20 14:55:41,2026-04-20 19:13:41,14,19,Afternoon,False,258.0,4.3,Valid
SJ154,SpiceJet,BLR,HYD,BLR → HYD,2026-04-20 14:47:41,2026-04-20 16:26:41,14,16,Afternoon,False,99.0,1.65,Valid
AI025,Air India,HYD,DEL,HYD → DEL,2026-04-20 14:46:41,2026-04-20 17:11:41,14,17,Afternoon,False,145.0,2.42,Valid
AI094,Air India,DEL,BLR,DEL → BLR,2026-04-20 14:44:41,2026-04-20 15:44:42,14,15,Afternoon,False,60.02,1.0,Valid
6F191,IndiGo,BLR,DEL,BLR → DEL,2026-04-20 14:41:41,2026-04-20 15:11:41,14,15,Afternoon,False,30.0,0.5,Valid
SJ085,SpiceJet,BLR,MAA,BLR → MAA,2026-04-20 14:41:41,2026-04-20 19:11:41,14,19,Afternoon,False,270.0,4.5,Valid
6F261,IndiGo,CCU,DEL,CCU → DEL,2026-04-20 14:31:41,2026-04-20 17:29:41,14,17,Afternoon,False,178.0,2.97,Valid
6F129,IndiGo,DEL,CCU,DEL → CCU,2026-04-20 14:28:41,2026-04-20 16:47:41,14,16,Afternoon,False,139.0,2.32,Valid
6F254,IndiGo,MAA,BLR,MAA → BLR,2026-04-20 14:26:41,2026-04-20 18:01:41,14,18,Afternoon,False,215.0,3.58,Valid
SJ185,SpiceJet,BOM,CCU,BOM → CCU,2026-04-20 14:21:41,2026-04-20 15:21:41,14,15,Afternoon,False,60.0,1.0,Valid
6F030,IndiGo,BOM,DEL,BOM → DEL,2026-04-20 14:20:41,2026-04-20 17:10:41,14,17,Afternoon,False,170.0,2.83,Valid
SJ222,SpiceJet,BOM,DEL,BOM → DEL,2026-04-20 14:15:41,2026-04-20 17:09:41,14,17,Afternoon,False,174.0,2.9,Valid
6F259,IndiGo,BOM,DEL,BOM → DEL,2026-04-20 14:10:41,2026-04-20 15:21:41,14,15,Afternoon,False,71.0,1.18,Valid
UK083,Vistara,DEL,HYD,DEL → HYD,2026-04-20 14:10:41,2026-04-20 14:59:41,14,14,Afternoon,False,49.0,0.82,Valid
6F051,IndiGo,BLR,BOM,BLR → BOM,2026-04-20 13:58:41,2026-04-20 15:58:41,13,15,Afternoon,False,120.0,2.0,Valid
SJ088,SpiceJet,CCU,MAA,CCU → MAA,2026-04-20 13:54:41,2026-04-20 14:26:41,13,14,Afternoon,False,32.0,0.53,Valid
6F146,IndiGo,HYD,MAA,HYD → MAA,2026-04-20 13:51:41,2026-04-20 15:07:41,13,15,Afternoon,False,76.0,1.27,Valid
6F047,IndiGo,MAA,DEL,MAA → DEL,2026-04-20 13:50:41,2026-04-20 15:55:41,13,15,Afternoon,False,125.0,2.08,Valid
AI077,Air India,CCU,HYD,CCU → HYD,2026-04-20 13:45:41,2026-04-20 14:51:41,13,14,Afternoon,False,66.0,1.1,Valid
UK134,Vistara,HYD,CCU,HYD → CCU,2026-04-20 13:44:41,2026-04-20 17:26:41,13,17,Afternoon,False,222.0,3.7,Valid
AI056,Air India,DEL,MAA,DEL → MAA,2026-04-20 13:44:41,2026-04-20 17:39:41,13,17,Afternoon,False,235.0,3.92,Valid
UK141,Vistara,HYD,MAA,HYD → MAA,2026-04-20 13:38:41,2026-04-20 15:59:41,13,15,Afternoon,False,141.0,2.35,Valid
AI030,Air India,CCU,HYD,CCU → HYD,2026-04-20 13:33:41,2026-04-20 16:52:41,13,16,Afternoon,False,199.0,3.32,Valid
AI029,Air India,MAA,DEL,MAA → DEL,2026-04-20 13:29:41,2026-04-20 17:53:41,13,17,Afternoon,False,264.0,4.4,Valid
SJ167,SpiceJet,MAA,CCU,MAA → CCU,2026-04-20 13:18:41,2026-04-20 14:12:41,13,14,Afternoon,False,54.0,0.9,Valid
UK017,Vistara,BLR,HYD,BLR → HYD,2026-04-20 13:14:41,2026-04-20 14:49:41,13,14,Afternoon,False,95.0,1.58,Valid
6F229,IndiGo,MAA,DEL,MAA → DEL,2026-04-20 13:10:41,2026-04-20 14:30:41,13,14,Afternoon,False,80.0,1.33,Valid
SJ117,SpiceJet,MAA,BLR,MAA → BLR,2026-04-20 13:10:41,2026-04-20 17:06:41,13,17,Afternoon,False,236.0,3.93,Valid
6F184,IndiGo,MAA,BOM,MAA → BOM,2026-04-20 13:05:41,2026-04-20 16:04:41,13,16,Afternoon,False,179.0,2.98,Valid
AI031,Air India,DEL,MAA,DEL → MAA,2026-04-20 13:05:41,2026-04-20 16:11:41,13,16,Afternoon,False,186.0,3.1,Valid
AI178,Air India,CCU,BLR,CCU → BLR,2026-04-20 13:04:41,2026-04-20 14:03:41,13,14,Afternoon,False,59.0,0.98,Valid
SJ089,SpiceJet,HYD,CCU,HYD → CCU,2026-04-20 12:42:41,2026-04-20 17:15:41,12,17,Afternoon,False,273.0,4.55,Valid
UK166,Vistara,HYD,MAA,HYD → MAA,2026-04-20 12:39:41,2026-04-20 17:32:41,12,17,Afternoon,False,293.0,4.88,Valid
UK104,Vistara,DEL,BOM,DEL → BOM,2026-04-20 12:30:41,2026-04-20 13:52:41,12,13,Afternoon,False,82.0,1.37,Valid
6F168,IndiGo,HYD,DEL,HYD → DEL,2026-04-20 12:18:41,2026-04-20 15:58:41,12,15,Afternoon,False,220.0,3.67,Valid
AI222,Air India,BOM,DEL,BOM → DEL,2026-04-20 12:10:41,2026-04-20 13:14:41,12,13,Afternoon,False,64.0,1.07,Valid
SJ025,SpiceJet,BOM,CCU,BOM → CCU,2026-04-20 12:02:41,2026-04-20 15:29:41,12,15,Afternoon,False,207.0,3.45,Valid
6F255,IndiGo,DEL,BOM,DEL → BOM,2026-04-20 11:59:41,2026-04-20 15:33:41,11,15,Morning,False,214.0,3.57,Valid
UK228,Vistara,DEL,MAA,DEL → MAA,2026-04-20 11:58:41,2026-04-20 15:08:41,11,15,Morning,False,190.0,3.17,Valid
6F158,IndiGo,CCU,MAA,CCU → MAA,2026-04-20 11:58:41,2026-04-20 16:04:41,11,16,Morning,False,246.0,4.1,Valid
SJ218,SpiceJet,DEL,HYD,DEL → HYD,2026-04-20 11:58:41,2026-04-20 15:03:41,11,15,Morning,False,185.0,3.08,Valid
6F034,IndiGo,BOM,DEL,BOM → DEL,2026-04-20 11:53:41,2026-04-20 12:49:41,11,12,Morning,False,56.0,0.93,Valid
UK156,Vistara,MAA,BLR,MAA → BLR,2026-04-20 11:50:41,2026-04-20 15:54:41,11,15,Morning,False,244.0,4.07,Valid
6F105,IndiGo,BLR,BOM,BLR → BOM,2026-04-20 11:46:41,2026-04-20 12:58:41,11,12,Morning,False,72.0,1.2,Valid
6F073,IndiGo,DEL,CCU,DEL → CCU,2026-04-20 11:38:41,2026-04-20 15:18:41,11,15,Morning,False,220.0,3.67,Valid
SJ074,SpiceJet,DEL,CCU,DEL → CCU,2026-04-20 11:21:41,2026-04-20 12:02:41,11,12,Morning,False,41.0,0.68,Valid
6F234,IndiGo,BOM,DEL,BOM → DEL,2026-04-20 11:20:41,2026-04-20 14:11:41,11,14,Morning,False,171.0,2.85,Valid
6F068,IndiGo,BLR,HYD,BLR → HYD,2026-04-20 11:17:41,2026-04-20 15:06:41,11,15,Morning,False,229.0,3.82,Valid
6F074,IndiGo,HYD,BOM,HYD → BOM,2026-04-20 11:09:41,2026-04-20 14:29:41,11,14,Morning,False,200.0,3.33,Valid
AI038,Air India,HYD,MAA,HYD → MAA,2026-04-20 11:05:41,2026-04-20 15:44:41,11,15,Morning,False,279.0,4.65,Valid
AI079,Air India,CCU,BLR,CCU → BLR,2026-04-20 11:04:41,2026-04-20 13:19:41,11,13,Morning,False,135.0,2.25,Valid
SJ018,SpiceJet,BOM,CCU,BOM → CCU,2026-04-20 10:58:41,2026-04-20 13:31:41,10,13,Morning,False,153.0,2.55,Valid
6F018,IndiGo,DEL,BLR,DEL → BLR,2026-04-20 10:57:41,2026-04-20 11:43:41,10,11,Morning,False,46.0,0.77,Valid
AI091,Air India,CCU,MAA,CCU → MAA,2026-04-20 10:52:41,2026-04-20 15:15:41,10,15,Morning,False,263.0,4.38,Valid
UK071,Vistara,DEL,HYD,DEL → HYD,2026-04-20 10:50:41,2026-04-20 14:06:41,10,14,Morning,False,196.0,3.27,Valid
AI019,Air India,BOM,CCU,BOM → CCU,2026-04-20 10:49:41,2026-04-20 11:51:41,10,11,Morning,False,62.0,1.03,Valid
UK212,Vistara,HYD,MAA,HYD → MAA,2026-04-20 10:46:41,2026-04-20 11:31:41,10,11,Morning,False,45.0,0.75,Valid
AI146,Air India,BLR,DEL,BLR → DEL,2026-04-20 10:40:41,2026-04-20 13:46:41,10,13,Morning,False,186.0,3.1,Valid
6F232,IndiGo,MAA,BLR,MAA → BLR,2026-04-20 10:39:41,2026-04-20 12:22:41,10,12,Morning,False,103.0,1.72,Valid
6F084,IndiGo,CCU,HYD,CCU → HYD,2026-04-20 10:34:41,2026-04-20 11:34:42,10,11,Morning,False,60.02,1.0,Valid
AI129,Air India,BOM,CCU,BOM → CCU,2026-04-20 10:29:41,2026-04-20 13:38:41,10,13,Morning,False,189.0,3.15,Valid
AI240,Air India,MAA,DEL,MAA → DEL,2026-04-20 10:19:41,2026-04-20 12:46:41,10,12,Morning,False,147.0,2.45,Valid
6F091,IndiGo,BLR,CCU,BLR → CCU,2026-04-20 10:10:41,2026-04-20 11:36:41,10,11,Morning,False,86.0,1.43,Valid
UK133,Vistara,BOM,DEL,BOM → DEL,2026-04-20 10:04:41,2026-04-20 13:16:41,10,13,Morning,False,192.0,3.2,Valid
SJ007,SpiceJet,BOM,CCU,BOM → CCU,2026-04-20 10:03:41,2026-04-20 14:53:41,10,14,Morning,False,290.0,4.83,Valid
SJ141,SpiceJet,CCU,DEL,CCU → DEL,2026-04-20 10:00:41,2026-04-20 13:37:41,10,13,Morning,False,217.0,3.62,Valid
6F049,IndiGo,HYD,DEL,HYD → DEL,2026-04-20 10:00:41,2026-04-20 13:13:41,10,13,Morning,False,193.0,3.22,Valid
SJ235,SpiceJet,BOM,DEL,BOM → DEL,2026-04-20 09:57:41,2026-04-20 13:45:41,9,13,Morning,False,228.0,3.8,Valid
UK087,Vistara,HYD,MAA,HYD → MAA,2026-04-20 09:49:41,2026-04-20 13:17:41,9,13,Morning,False,208.0,3.47,Valid
UK170,Vistara,BOM,BLR,BOM → BLR,2026-04-20 09:42:41,2026-04-20 11:32:41,9,11,Morning,False,110.0,1.83,Valid
SJ078,SpiceJet,DEL,HYD,DEL → HYD,2026-04-20 09:41:41,2026-04-20 12:49:41,9,12,Morning,False,188.0,3.13,Valid
SJ075,SpiceJet,MAA,BLR,MAA → BLR,2026-04-20 09:26:41,2026-04-20 11:03:41,9,11,Morning,False,97.0,1.62,Valid
AI159,Air India,HYD,BLR,HYD → BLR,2026-04-20 09:23:41,2026-04-20 11:36:41,9,11,Morning,False,133.0,2.22,Valid
UK120,Vistara,HYD,DEL,HYD → DEL,2026-04-20 09:19:41,2026-04-20 13:30:41,9,13,Morning,False,251.0,4.18,Valid
AI059,Air India,CCU,DEL,CCU → DEL,2026-04-20 09:16:41,2026-04-20 11:43:41,9,11,Morning,False,147.0,2.45,Valid
UK040,Vistara,HYD,CCU,HYD → CCU,2026-04-20 09:15:41,2026-04-20 10:32:41,9,10,Morning,False,77.0,1.28,Valid
AI044,Air India,MAA,BLR,MAA → BLR,2026-04-20 09:03:41,2026-04-20 12:36:41,9,12,Morning,False,213.0,3.55,Valid
AI078,Air India,DEL,BOM,DEL → BOM,2026-04-20 08:58:41,2026-04-20 13:28:41,8,13,Morning,False,270.0,4.5,Valid
SJ226,SpiceJet,HYD,BOM,HYD → BOM,2026-04-20 08:47:41,2026-04-20 12:54:41,8,12,Morning,False,247.0,4.12,Valid
6F209,IndiGo,MAA,CCU,MAA → CCU,2026-04-20 08:40:41,2026-04-20 13:40:41,8,13,Morning,False,300.0,5.0,Valid
UK193,Vistara,HYD,DEL,HYD → DEL,2026-04-20 08:39:41,2026-04-20 09:14:41,8,9,Morning,False,35.0,0.58,Valid
6F092,IndiGo,MAA,BLR,MAA → BLR,2026-04-20 08:39:41,2026-04-20 09:15:41,8,9,Morning,False,36.0,0.6,Valid
AI208,Air India,BLR,BOM,BLR → BOM,2026-04-20 08:38:41,2026-04-20 11:52:41,8,11,Morning,False,194.0,3.23,Valid
SJ227,SpiceJet,BOM,CCU,BOM → CCU,2026-04-20 08:32:41,2026-04-20 12:53:41,8,12,Morning,False,261.0,4.35,Valid
6F238,IndiGo,BOM,DEL,BOM → DEL,2026-04-20 08:31:41,2026-04-20 09:19:41,8,9,Morning,False,48.0,0.8,Valid
AI084,Air India,BOM,HYD,BOM → HYD,2026-04-20 08:31:41,2026-04-20 09:46:41,8,9,Morning,False,75.0,1.25,Valid
SJ228,SpiceJet,BOM,CCU,BOM → CCU,2026-04-20 08:29:41,2026-04-20 12:16:41,8,12,Morning,False,227.0,3.78,Valid
UK194,Vistara,CCU,BOM,CCU → BOM,2026-04-20 08:26:41,2026-04-20 09:26:42,8,9,Morning,False,60.02,1.0,Valid
6F126,IndiGo,CCU,MAA,CCU → MAA,2026-04-20 08:21:41,2026-04-20 09:39:41,8,9,Morning,False,78.0,1.3,Valid
SJ052,SpiceJet,MAA,BLR,MAA → BLR,2026-04-20 08:20:41,2026-04-20 09:57:41,8,9,Morning,False,97.0,1.62,Valid
AI233,Air India,BLR,BOM,BLR → BOM,2026-04-20 08:04:41,2026-04-20 09:52:41,8,9,Morning,False,108.0,1.8,Valid
AI213,Air India,HYD,CCU,HYD → CCU,2026-04-20 08:03:41,2026-04-20 09:14:41,8,9,Morning,False,71.0,1.18,Valid
UK076,Vistara,MAA,CCU,MAA → CCU,2026-04-20 08:03:41,2026-04-20 12:26:41,8,12,Morning,False,263.0,4.38,Valid
SJ022,SpiceJet,DEL,BLR,DEL → BLR,2026-04-20 07:56:41,2026-04-20 11:07:41,7,11,Morning,False,191.0,3.18,Valid
SJ002,SpiceJet,DEL,BOM,DEL → BOM,2026-04-20 07:54:41,2026-04-20 12:40:41,7,12,Morning,False,286.0,4.77,Valid
AI163,Air India,HYD,MAA,HYD → MAA,2026-04-20 07:45:41,2026-04-20 08:46:41,7,8,Morning,False,61.0,1.02,Valid
UK229,Vistara,HYD,DEL,HYD → DEL,2026-04-20 07:40:41,2026-04-20 11:57:41,7,11,Morning,False,257.0,4.28,Valid
UK185,Vistara,DEL,MAA,DEL → MAA,2026-04-20 07:31:41,2026-04-20 08:48:41,7,8,Morning,False,77.0,1.28,Valid
6F029,IndiGo,BOM,BLR,BOM → BLR,2026-04-20 07:31:41,2026-04-20 11:45:41,7,11,Morning,False,254.0,4.23,Valid
6F056,IndiGo,BOM,MAA,BOM → MAA,2026-04-20 07:00:41,2026-04-20 08:49:41,7,8,Morning,False,109.0,1.82,Valid
AI062,Air India,MAA,DEL,MAA → DEL,2026-04-20 06:49:41,2026-04-20 07:25:41,6,7,Morning,False,36.0,0.6,Valid
UK034,Vistara,DEL,BLR,DEL → BLR,2026-04-20 06:47:41,2026-04-20 10:11:41,6,10,Morning,False,204.0,3.4,Valid
UK079,Vistara,DEL,BLR,DEL → BLR,2026-04-20 06:43:41,2026-04-20 10:34:41,6,10,Morning,False,231.0,3.85,Valid
AI135,Air India,BLR,BOM,BLR → BOM,2026-04-20 06:40:41,2026-04-20 09:21:41,6,9,Morning,False,161.0,2.68,Valid
SJ061,SpiceJet,MAA,BLR,MAA → BLR,2026-04-20 06:38:41,2026-04-20 09:35:41,6,9,Morning,False,177.0,2.95,Valid
AI047,Air India,CCU,MAA,CCU → MAA,2026-04-20 06:36:41,2026-04-20 07:23:41,6,7,Morning,False,47.0,0.78,Valid
UK210,Vistara,DEL,CCU,DEL → CCU,2026-04-20 06:35:41,2026-04-20 07:30:41,6,7,Morning,False,55.0,0.92,Valid
AI088,Air India,MAA,DEL,MAA → DEL,2026-04-20 06:34:41,2026-04-20 10:10:41,6,10,Morning,False,216.0,3.6,Valid
UK177,Vistara,DEL,HYD,DEL → HYD,2026-04-20 06:21:41,2026-04-20 10:50:41,6,10,Morning,False,269.0,4.48,Valid
AI128,Air India,BOM,CCU,BOM → CCU,2026-04-20 06:07:41,2026-04-20 10:03:41,6,10,Morning,False,236.0,3.93,Valid
AI158,Air India,CCU,DEL,CCU → DEL,2026-04-20 06:04:41,2026-04-20 09:01:41,6,9,Morning,False,177.0,2.95,Valid
UK206,Vistara,MAA,BLR,MAA → BLR,2026-04-20 06:01:41,2026-04-20 10:34:41,6,10,Morning,False,273.0,4.55,Valid
SJ138,SpiceJet,BLR,BOM,BLR → BOM,2026-04-20 05:55:41,2026-04-20 06:43:41,5,6,Night,False,48.0,0.8,Valid
AI034,Air India,DEL,BOM,DEL → BOM,2026-04-20 05:48:41,2026-04-20 10:31:41,5,10,Night,False,283.0,4.72,Valid
AI012,Air India,BOM,CCU,BOM → CCU,2026-04-20 05:44:41,2026-04-20 09:47:41,5,9,Night,False,243.0,4.05,Valid
6F083,IndiGo,BLR,DEL,BLR → DEL,2026-04-20 05:24:41,2026-04-20 06:03:41,5,6,Night,False,39.0,0.65,Valid
SJ083,SpiceJet,MAA,BLR,MAA → BLR,2026-04-20 05:13:41,2026-04-20 08:17:41,5,8,Night,False,184.0,3.07,Valid
SJ186,SpiceJet,CCU,DEL,CCU → DEL,2026-04-20 05:11:41,2026-04-20 07:22:41,5,7,Night,False,131.0,2.18,Valid
UK001,Vistara,CCU,DEL,CCU → DEL,2026-04-20 05:06:41,2026-04-20 06:31:41,5,6,Night,False,85.0,1.42,Valid
AI217,Air India,CCU,BLR,CCU → BLR,2026-04-20 04:57:41,2026-04-20 07:14:41,4,7,Night,False,137.0,2.28,Valid
6F178,IndiGo,BOM,CCU,BOM → CCU,2026-04-20 04:48:41,2026-04-20 09:11:41,4,9,Night,False,263.0,4.38,Valid
UK015,Vistara,BLR,BOM,BLR → BOM,2026-04-20 04:46:41,2026-04-20 06:33:41,4,6,Night,False,107.0,1.78,Valid
AI112,Air India,DEL,BLR,DEL → BLR,2026-04-20 04:41:41,2026-04-20 08:24:41,4,8,Night,False,223.0,3.72,Valid
UK100,Vistara,CCU,BLR,CCU → BLR,2026-04-20 04:40:41,2026-04-20 07:12:41,4,7,Night,False,152.0,2.53,Valid
6F133,IndiGo,MAA,BLR,MAA → BLR,2026-04-20 04:38:41,2026-04-20 06:25:41,4,6,Night,False,107.0,1.78,Valid
AI227,Air India,BLR,MAA,BLR → MAA,2026-04-20 04:31:41,2026-04-20 08:17:41,4,8,Night,False,226.0,3.77,Valid
UK093,Vistara,HYD,CCU,HYD → CCU,2026-04-20 04:31:41,2026-04-20 05:21:41,4,5,Night,False,50.0,0.83,Valid
UK203,Vistara,BLR,HYD,BLR → HYD,2026-04-20 04:12:41,2026-04-20 05:24:41,4,5,Night,False,72.0,1.2,Valid
UK154,Vistara,MAA,HYD,MAA → HYD,2026-04-20 04:00:41,2026-04-20 07:57:41,4,7,Night,False,237.0,3.95,Valid
UK073,Vistara,BLR,CCU,BLR → CCU,2026-04-20 03:59:41,2026-04-20 08:09:41,3,8,Night,False,250.0,4.17,Valid
AI164,Air India,DEL,BLR,DEL → BLR,2026-04-20 03:57:41,2026-04-20 05:45:41,3,5,Night,False,108.0,1.8,Valid
UK008,Vistara,CCU,BLR,CCU → BLR,2026-04-20 03:57:41,2026-04-20 04:34:41,3,4,Night,False,37.0,0.62,Valid
UK051,Vistara,HYD,DEL,HYD → DEL,2026-04-20 03:55:41,2026-04-20 06:55:41,3,6,Night,False,180.0,3.0,Valid
UK208,Vistara,DEL,CCU,DEL → CCU,2026-04-20 03:54:41,2026-04-20 08:51:41,3,8,Night,False,297.0,4.95,Valid
AI150,Air India,BOM,DEL,BOM → DEL,2026-04-20 03:51:41,2026-04-20 04:38:41,3,4,Night,False,47.0,0.78,Valid
AI189,Air India,CCU,DEL,CCU → DEL,2026-04-20 03:44:41,2026-04-20 05:32:41,3,5,Night,False,108.0,1.8,Valid
6F230,IndiGo,CCU,BLR,CCU → BLR,2026-04-20 03:34:41,2026-04-20 06:47:41,3,6,Night,False,193.0,3.22,Valid
6F169,IndiGo,BOM,DEL,BOM → DEL,2026-04-20 03:27:41,2026-04-20 08:06:41,3,8,Night,False,279.0,4.65,Valid
AI205,Air India,BLR,BOM,BLR → BOM,2026-04-20 03:26:41,2026-04-20 05:14:41,3,5,Night,False,108.0,1.8,Valid
AI103,Air India,BLR,BOM,BLR → BOM,2026-04-20 03:26:41,2026-04-20 04:04:41,3,4,Night,False,38.0,0.63,Valid
6F250,IndiGo,DEL,BLR,DEL → BLR,2026-04-20 03:26:41,2026-04-20 07:30:41,3,7,Night,False,244.0,4.07,Valid
AI246,Air India,BOM,BLR,BOM → BLR,2026-04-20 03:22:41,2026-04-20 06:41:41,3,6,Night,False,199.0,3.32,Valid
6F187,IndiGo,BOM,MAA,BOM → MAA,2026-04-20 03:19:41,2026-04-20 07:37:41,3,7,Night,False,258.0,4.3,Valid
AI082,Air India,DEL,CCU,DEL → CCU,2026-04-20 03:19:41,2026-04-20 06:01:41,3,6,Night,False,162.0,2.7,Valid
UK116,Vistara,CCU,BOM,CCU → BOM,2026-04-20 03:18:41,2026-04-20 07:06:41,3,7,Night,False,228.0,3.8,Valid
SJ169,SpiceJet,BOM,MAA,BOM → MAA,2026-04-20 03:10:41,2026-04-20 07:56:41,3,7,Night,False,286.0,4.77,Valid
AI175,Air India,BOM,HYD,BOM → HYD,2026-04-20 03:08:41,2026-04-20 06:55:41,3,6,Night,False,227.0,3.78,Valid
SJ098,SpiceJet,HYD,MAA,HYD → MAA,2026-04-20 03:02:41,2026-04-20 03:37:41,3,3,Night,False,35.0,0.58,Valid
SJ191,SpiceJet,BLR,BOM,BLR → BOM,2026-04-20 03:01:41,2026-04-20 04:23:41,3,4,Night,False,82.0,1.37,Valid
SJ017,SpiceJet,DEL,MAA,DEL → MAA,2026-04-20 02:57:41,2026-04-20 05:00:41,2,5,Night,False,123.0,2.05,Valid
UK188,Vistara,MAA,BLR,MAA → BLR,2026-04-20 02:55:41,2026-04-20 03:44:41,2,3,Night,False,49.0,0.82,Valid
AI196,Air India,MAA,HYD,MAA → HYD,2026-04-20 02:52:41,2026-04-20 04:25:41,2,4,Night,False,93.0,1.55,Valid
AI068,Air India,BOM,BLR,BOM → BLR,2026-04-20 02:48:41,2026-04-20 04:48:42,2,4,Night,False,120.02,2.0,Valid
SJ097,SpiceJet,BOM,CCU,BOM → CCU,2026-04-20 02:37:41,2026-04-20 05:27:41,2,5,Night,False,170.0,2.83,Valid
SJ030,SpiceJet,DEL,HYD,DEL → HYD,2026-04-20 02:36:41,2026-04-20 03:19:41,2,3,Night,False,43.0,0.72,Valid
6F179,IndiGo,HYD,MAA,HYD → MAA,2026-04-20 02:25:41,2026-04-20 06:40:41,2,6,Night,False,255.0,4.25,Valid
6F156,IndiGo,MAA,BOM,MAA → BOM,2026-04-20 02:23:41,2026-04-20 04:57:41,2,4,Night,False,154.0,2.57,Valid
SJ057,SpiceJet,BOM,CCU,BOM → CCU,2026-04-20 02:17:41,2026-04-20 05:29:41,2,5,Night,False,192.0,3.2,Valid
6F036,IndiGo,CCU,BLR,CCU → BLR,2026-04-20 02:14:41,2026-04-20 06:57:41,2,6,Night,False,283.0,4.72,Valid
6F201,IndiGo,CCU,BOM,CCU → BOM,2026-04-20 02:09:41,2026-04-20 06:49:41,2,6,Night,False,280.0,4.67,Valid
6F143,IndiGo,CCU,DEL,CCU → DEL,2026-04-20 02:09:41,2026-04-20 06:08:41,2,6,Night,False,239.0,3.98,Valid
6F177,IndiGo,HYD,MAA,HYD → MAA,2026-04-20 02:03:41,2026-04-20 04:25:41,2,4,Night,False,142.0,2.37,Valid
6F031,IndiGo,BOM,BLR,BOM → BLR,2026-04-20 02:00:41,2026-04-20 06:37:41,2,6,Night,False,277.0,4.62,Valid
UK165,Vistara,DEL,BLR,DEL → BLR,2026-04-20 01:51:41,2026-04-20 06:04:41,1,6,Night,False,253.0,4.22,Valid
6F122,IndiGo,DEL,BLR,DEL → BLR,2026-04-20 01:44:41,2026-04-20 05:28:41,1,5,Night,False,224.0,3.73,Valid
AI009,Air India,DEL,CCU,DEL → CCU,2026-04-20 01:31:41,2026-04-20 04:05:41,1,4,Night,False,154.0,2.57,Valid
6F046,IndiGo,DEL,BLR,DEL → BLR,2026-04-20 01:27:41,2026-04-20 05:08:41,1,5,Night,False,221.0,3.68,Valid
AI051,Air India,MAA,BLR,MAA → BLR,2026-04-20 01:27:41,2026-04-20 02:22:41,1,2,Night,False,55.0,0.92,Valid
UK222,Vistara,BOM,CCU,BOM → CCU,2026-04-20 01:22:41,2026-04-20 02:57:41,1,2,Night,False,95.0,1.58,Valid
SJ127,SpiceJet,BOM,DEL,BOM → DEL,2026-04-20 01:21:41,2026-04-20 03:58:41,1,3,Night,False,157.0,2.62,Valid
AI226,Air India,BLR,HYD,BLR → HYD,2026-04-20 01:19:41,2026-04-20 04:08:41,1,4,Night,False,169.0,2.82,Valid
AI216,Air India,BOM,CCU,BOM → CCU,2026-04-20 01:10:41,2026-04-20 02:34:41,1,2,Night,False,84.0,1.4,Valid
6F058,IndiGo,BOM,CCU,BOM → CCU,2026-04-20 01:04:41,2026-04-20 03:33:41,1,3,Night,False,149.0,2.48,Valid
SJ207,SpiceJet,DEL,CCU,DEL → CCU,2026-04-20 00:52:41,2026-04-20 04:05:41,0,4,Night,False,193.0,3.22,Valid
SJ198,SpiceJet,CCU,BOM,CCU → BOM,2026-04-20 00:47:41,2026-04-20 05:28:41,0,5,Night,False,281.0,4.68,Valid
SJ108,SpiceJet,BLR,HYD,BLR → HYD,2026-04-20 00:40:41,2026-04-20 03:16:41,0,3,Night,False,156.0,2.6,Valid
SJ155,SpiceJet,DEL,CCU,DEL → CCU,2026-04-20 00:38:41,2026-04-20 05:38:41,0,5,Night,False,300.0,5.0,Valid
6F193,IndiGo,BOM,MAA,BOM → MAA,2026-04-20 00:34:41,2026-04-20 02:32:41,0,2,Night,False,118.0,1.97,Valid
6F019,IndiGo,BLR,BOM,BLR → BOM,2026-04-20 00:19:41,2026-04-20 04:14:41,0,4,Night,False,235.0,3.92,Valid
AI102,Air India,CCU,BLR,CCU → BLR,2026-04-20 00:17:41,2026-04-20 05:08:41,0,5,Night,False,291.0,4.85,Valid
6F166,IndiGo,BOM,CCU,BOM → CCU,2026-04-20 00:03:41,2026-04-20 04:33:41,0,4,Night,False,270.0,4.5,Valid
UK175,Vistara,BLR,BOM,BLR → BOM,2026-04-19 23:56:41,2026-04-20 03:18:41,23,3,Evening,True,202.0,3.37,Valid
6F010,IndiGo,DEL,BLR,DEL → BLR,2026-04-19 23:53:41,2026-04-20 03:44:41,23,3,Evening,True,231.0,3.85,Valid
AI234,Air India,BOM,MAA,BOM → MAA,2026-04-19 23:50:41,2026-04-20 01:34:41,23,1,Evening,True,104.0,1.73,Valid
UK135,Vistara,HYD,DEL,HYD → DEL,2026-04-19 23:50:41,2026-04-20 01:43:41,23,1,Evening,True,113.0,1.88,Valid
6F272,IndiGo,HYD,MAA,HYD → MAA,2026-04-19 23:35:41,2026-04-20 00:22:41,23,0,Evening,True,47.0,0.78,Valid
AI061,Air India,BOM,CCU,BOM → CCU,2026-04-19 23:31:41,2026-04-20 01:02:41,23,1,Evening,True,91.0,1.52,Valid
6F070,IndiGo,HYD,DEL,HYD → DEL,2026-04-19 23:23:41,2026-04-20 02:24:41,23,2,Evening,True,181.0,3.02,Valid
AI015,Air India,BLR,CCU,BLR → CCU,2026-04-19 23:21:41,2026-04-20 01:15:41,23,1,Evening,True,114.0,1.9,Valid
SJ076,SpiceJet,DEL,MAA,DEL → MAA,2026-04-19 23:01:41,2026-04-20 02:02:41,23,2,Evening,True,181.0,3.02,Valid
SJ029,SpiceJet,HYD,DEL,HYD → DEL,2026-04-19 22:55:41,2026-04-20 00:22:41,22,0,Evening,True,87.0,1.45,Valid
SJ194,SpiceJet,CCU,DEL,CCU → DEL,2026-04-19 22:46:41,2026-04-20 02:31:41,22,2,Evening,True,225.0,3.75,Valid
AI235,Air India,BLR,HYD,BLR → HYD,2026-04-19 22:45:41,2026-04-20 02:12:41,22,2,Evening,True,207.0,3.45,Valid
SJ048,SpiceJet,MAA,BLR,MAA → BLR,2026-04-19 22:43:41,2026-04-20 00:19:41,22,0,Evening,True,96.0,1.6,Valid
SJ114,SpiceJet,HYD,DEL,HYD → DEL,2026-04-19 22:42:41,2026-04-20 02:02:41,22,2,Evening,True,200.0,3.33,Valid
SJ146,SpiceJet,HYD,BLR,HYD → BLR,2026-04-19 22:37:41,2026-04-20 00:33:41,22,0,Evening,True,116.0,1.93,Valid
UK041,Vistara,HYD,MAA,HYD → MAA,2026-04-19 22:37:41,2026-04-19 23:44:41,22,23,Evening,False,67.0,1.12,Valid
6F075,IndiGo,BOM,CCU,BOM → CCU,2026-04-19 22:20:41,2026-04-20 03:02:41,22,3,Evening,True,282.0,4.7,Valid
SJ020,SpiceJet,BLR,BOM,BLR → BOM,2026-04-19 22:18:41,2026-04-20 02:27:41,22,2,Evening,True,249.0,4.15,Valid
SJ099,SpiceJet,MAA,BLR,MAA → BLR,2026-04-19 22:14:41,2026-04-20 00:34:41,22,0,Evening,True,140.0,2.33,Valid
6F078,IndiGo,BOM,CCU,BOM → CCU,2026-04-19 22:04:41,2026-04-19 23:37:41,22,23,Evening,False,93.0,1.55,Valid
UK219,Vistara,BOM,HYD,BOM → HYD,2026-04-19 22:03:41,2026-04-20 02:21:41,22,2,Evening,True,258.0,4.3,Valid
UK223,Vistara,CCU,DEL,CCU → DEL,2026-04-19 21:58:41,2026-04-19 22:30:41,21,22,Evening,False,32.0,0.53,Valid
UK227,Vistara,BOM,HYD,BOM → HYD,2026-04-19 21:57:41,2026-04-20 01:47:41,21,1,Evening,True,230.0,3.83,Valid
6F260,IndiGo,CCU,DEL,CCU → DEL,2026-04-19 21:51:41,2026-04-20 01:14:41,21,1,Evening,True,203.0,3.38,Valid
AI096,Air India,CCU,DEL,CCU → DEL,2026-04-19 21:48:41,2026-04-20 02:46:41,21,2,Evening,True,298.0,4.97,Valid
6F022,IndiGo,MAA,BLR,MAA → BLR,2026-04-19 21:46:41,2026-04-20 02:05:41,21,2,Evening,True,259.0,4.32,Valid
6F237,IndiGo,HYD,MAA,HYD → MAA,2026-04-19 21:41:41,2026-04-20 00:44:41,21,0,Evening,True,183.0,3.05,Valid
UK146,Vistara,BOM,MAA,BOM → MAA,2026-04-19 21:40:41,2026-04-20 00:08:41,21,0,Evening,True,148.0,2.47,Valid
SJ015,SpiceJet,BOM,CCU,BOM → CCU,2026-04-19 21:40:41,2026-04-19 22:52:41,21,22,Evening,False,72.0,1.2,Valid
AI108,Air India,BLR,CCU,BLR → CCU,2026-04-19 21:32:41,2026-04-20 00:17:41,21,0,Evening,True,165.0,2.75,Valid
UK020,Vistara,MAA,BLR,MAA → BLR,2026-04-19 21:23:41,2026-04-19 22:38:41,21,22,Evening,False,75.0,1.25,Valid
6F113,IndiGo,BOM,CCU,BOM → CCU,2026-04-19 21:04:41,2026-04-20 01:30:41,21,1,Evening,True,266.0,4.43,Valid
6F112,IndiGo,HYD,DEL,HYD → DEL,2026-04-19 21:00:41,2026-04-19 23:16:41,21,23,Evening,False,136.0,2.27,Valid
6F246,IndiGo,HYD,DEL,HYD → DEL,2026-04-19 21:00:41,2026-04-19 23:16:41,21,23,Evening,False,136.0,2.27,Valid
UK158,Vistara,BOM,MAA,BOM → MAA,2026-04-19 20:49:41,2026-04-19 21:22:41,20,21,Evening,False,33.0,0.55,Valid
UK159,Vistara,CCU,BLR,CCU → BLR,2026-04-19 20:45:41,2026-04-19 23:32:41,20,23,Evening,False,167.0,2.78,Valid
UK084,Vistara,MAA,DEL,MAA → DEL,2026-04-19 20:44:41,2026-04-20 00:20:41,20,0,Evening,True,216.0,3.6,Valid
SJ206,SpiceJet,DEL,CCU,DEL → CCU,2026-04-19 20:43:41,2026-04-20 01:21:41,20,1,Evening,True,278.0,4.63,Valid
UK044,Vistara,BLR,BOM,BLR → BOM,2026-04-19 20:31:41,2026-04-19 23:29:41,20,23,Evening,False,178.0,2.97,Valid
SJ036,SpiceJet,DEL,HYD,DEL → HYD,2026-04-19 20:24:41,2026-04-19 23:54:41,20,23,Evening,False,210.0,3.5,Valid
6F176,IndiGo,CCU,DEL,CCU → DEL,2026-04-19 20:23:42,2026-04-19 23:23:42,20,23,Evening,False,180.0,3.0,Valid
6F148,IndiGo,CCU,BOM,CCU → BOM,2026-04-19 20:23:41,2026-04-19 22:30:41,20,22,Evening,False,127.0,2.12,Valid
6F202,IndiGo,HYD,BLR,HYD → BLR,2026-04-19 20:18:41,2026-04-19 23:48:41,20,23,Evening,False,210.0,3.5,Valid
6F071,IndiGo,DEL,CCU,DEL → CCU,2026-04-19 20:18:41,2026-04-20 00:31:41,20,0,Evening,True,253.0,4.22,Valid
AI105,Air India,CCU,DEL,CCU → DEL,2026-04-19 20:16:41,2026-04-19 22:03:41,20,22,Evening,False,107.0,1.78,Valid
AI241,Air India,HYD,BLR,HYD → BLR,2026-04-19 20:11:41,2026-04-19 22:18:41,20,22,Evening,False,127.0,2.12,Valid
SJ162,SpiceJet,DEL,HYD,DEL → HYD,2026-04-19 20:11:41,2026-04-19 22:30:41,20,22,Evening,False,139.0,2.32,Valid
6F003,IndiGo,HYD,BOM,HYD → BOM,2026-04-19 20:06:41,2026-04-19 23:13:41,20,23,Evening,False,187.0,3.12,Valid
6F249,IndiGo,HYD,BOM,HYD → BOM,2026-04-19 20:06:41,2026-04-19 23:13:41,20,23,Evening,False,187.0,3.12,Valid
AI237,Air India,BOM,CCU,BOM → CCU,2026-04-19 19:58:41,2026-04-19 23:13:41,19,23,Evening,False,195.0,3.25,Valid
SJ134,SpiceJet,BOM,CCU,BOM → CCU,2026-04-19 19:58:41,2026-04-20 00:15:41,19,0,Evening,True,257.0,4.28,Valid
AI071,Air India,BOM,MAA,BOM → MAA,2026-04-19 19:55:41,2026-04-19 22:58:41,19,22,Evening,False,183.0,3.05,Valid
6F118,IndiGo,CCU,HYD,CCU → HYD,2026-04-19 19:52:41,2026-04-19 21:01:41,19,21,Evening,False,69.0,1.15,Valid
6F014,IndiGo,DEL,MAA,DEL → MAA,2026-04-19 19:42:41,2026-04-19 23:15:41,19,23,Evening,False,213.0,3.55,Valid
6F065,IndiGo,MAA,BLR,MAA → BLR,2026-04-19 19:40:41,2026-04-19 22:23:41,19,22,Evening,False,163.0,2.72,Valid
6F271,IndiGo,HYD,MAA,HYD → MAA,2026-04-19 19:33:41,2026-04-19 22:52:41,19,22,Evening,False,199.0,3.32,Valid
SJ070,SpiceJet,MAA,CCU,MAA → CCU,2026-04-19 18:55:41,2026-04-19 20:48:41,18,20,Evening,False,113.0,1.88,Valid
6F007,IndiGo,HYD,MAA,HYD → MAA,2026-04-19 18:55:41,2026-04-19 19:54:41,18,19,Evening,False,59.0,0.98,Valid
UK007,Vistara,DEL,HYD,DEL → HYD,2026-04-19 18:50:41,2026-04-19 21:04:41,18,21,Evening,False,134.0,2.23,Valid
SJ192,SpiceJet,HYD,BOM,HYD → BOM,2026-04-19 18:45:42,2026-04-19 23:45:42,18,23,Evening,False,300.0,5.0,Valid
AI097,Air India,HYD,MAA,HYD → MAA,2026-04-19 18:42:41,2026-04-19 23:34:41,18,23,Evening,False,292.0,4.87,Valid
6F256,IndiGo,BOM,CCU,BOM → CCU,2026-04-19 18:40:41,2026-04-19 19:13:41,18,19,Evening,False,33.0,0.55,Valid
UK047,Vistara,BLR,HYD,BLR → HYD,2026-04-19 18:40:41,2026-04-19 22:45:41,18,22,Evening,False,245.0,4.08,Valid
AI024,Air India,MAA,BOM,MAA → BOM,2026-04-19 18:38:41,2026-04-19 19:45:41,18,19,Evening,False,67.0,1.12,Valid
UK113,Vistara,CCU,DEL,CCU → DEL,2026-04-19 18:34:41,2026-04-19 22:58:41,18,22,Evening,False,264.0,4.4,Valid
SJ163,SpiceJet,DEL,HYD,DEL → HYD,2026-04-19 18:32:41,2026-04-19 23:08:41,18,23,Evening,False,276.0,4.6,Valid
SJ208,SpiceJet,DEL,HYD,DEL → HYD,2026-04-19 18:32:41,2026-04-19 19:33:41,18,19,Evening,False,61.0,1.02,Valid
SJ221,SpiceJet,MAA,HYD,MAA → HYD,2026-04-19 18:31:41,2026-04-19 23:17:41,18,23,Evening,False,286.0,4.77,Valid
SJ084,SpiceJet,HYD,MAA,HYD → MAA,2026-04-19 18:31:41,2026-04-19 19:30:41,18,19,Evening,False,59.0,0.98,Valid
6F127,IndiGo,HYD,BOM,HYD → BOM,2026-04-19 18:27:41,2026-04-19 22:28:41,18,22,Evening,False,241.0,4.02,Valid
AI122,Air India,BOM,CCU,BOM → CCU,2026-04-19 18:25:41,2026-04-19 22:36:41,18,22,Evening,False,251.0,4.18,Valid
AI139,Air India,HYD,MAA,HYD → MAA,2026-04-19 18:23:41,2026-04-19 19:24:41,18,19,Evening,False,61.0,1.02,Valid
UK149,Vistara,MAA,DEL,MAA → DEL,2026-04-19 18:22:41,2026-04-19 23:08:41,18,23,Evening,False,286.0,4.77,Valid
AI149,Air India,BOM,HYD,BOM → HYD,2026-04-19 18:19:41,2026-04-19 21:36:41,18,21,Evening,False,197.0,3.28,Valid
SJ243,SpiceJet,BLR,DEL,BLR → DEL,2026-04-19 18:17:41,2026-04-19 23:03:41,18,23,Evening,False,286.0,4.77,Valid
AI053,Air India,CCU,DEL,CCU → DEL,2026-04-19 18:04:41,2026-04-19 22:19:41,18,22,Evening,False,255.0,4.25,Valid
UK061,Vistara,BLR,BOM,BLR → BOM,2026-04-19 17:58:41,2026-04-19 19:48:41,17,19,Afternoon,False,110.0,1.83,Valid
SJ004,SpiceJet,MAA,DEL,MAA → DEL,2026-04-19 17:52:41,2026-04-19 21:01:41,17,21,Afternoon,False,189.0,3.15,Valid
AI173,Air India,HYD,DEL,HYD → DEL,2026-04-19 17:36:41,2026-04-19 22:27:41,17,22,Afternoon,False,291.0,4.85,Valid
6F085,IndiGo,HYD,MAA,HYD → MAA,2026-04-19 17:32:41,2026-04-19 19:32:42,17,19,Afternoon,False,120.02,2.0,Valid
AI252,Air India,HYD,DEL,HYD → DEL,2026-04-19 17:30:41,2026-04-19 21:54:41,17,21,Afternoon,False,264.0,4.4,Valid
SJ109,SpiceJet,BOM,DEL,BOM → DEL,2026-04-19 17:24:41,2026-04-19 20:28:41,17,20,Afternoon,False,184.0,3.07,Valid
UK123,Vistara,BOM,DEL,BOM → DEL,2026-04-19 17:24:41,2026-04-19 20:18:41,17,20,Afternoon,False,174.0,2.9,Valid
6F125,IndiGo,BOM,CCU,BOM → CCU,2026-04-19 17:09:41,2026-04-19 21:13:41,17,21,Afternoon,False,244.0,4.07,Valid
UK183,Vistara,BLR,CCU,BLR → CCU,2026-04-19 17:07:41,2026-04-19 18:30:41,17,18,Afternoon,False,83.0,1.38,Valid
AI110,Air India,BOM,CCU,BOM → CCU,2026-04-19 17:07:41,2026-04-19 22:00:41,17,22,Afternoon,False,293.0,4.88,Valid
UK105,Vistara,CCU,HYD,CCU → HYD,2026-04-19 17:04:41,2026-04-19 18:11:41,17,18,Afternoon,False,67.0,1.12,Valid
6F128,IndiGo,HYD,DEL,HYD → DEL,2026-04-19 16:56:41,2026-04-19 18:03:41,16,18,Afternoon,False,67.0,1.12,Valid
6F224,IndiGo,DEL,MAA,DEL → MAA,2026-04-19 16:53:41,2026-04-19 18:52:41,16,18,Afternoon,False,119.0,1.98,Valid
SJ130,SpiceJet,BOM,DEL,BOM → DEL,2026-04-19 16:53:41,2026-04-19 20:53:41,16,20,Afternoon,False,240.0,4.0,Valid
AI224,Air India,DEL,HYD,DEL → HYD,2026-04-19 16:51:41,2026-04-19 21:36:41,16,21,Afternoon,False,285.0,4.75,Valid
SJ182,SpiceJet,CCU,BOM,CCU → BOM,2026-04-19 16:48:41,2026-04-19 17:36:41,16,17,Afternoon,False,48.0,0.8,Valid
UK164,Vistara,BOM,HYD,BOM → HYD,2026-04-19 16:46:41,2026-04-19 21:10:41,16,21,Afternoon,False,264.0,4.4,Valid
AI161,Air India,CCU,BOM,CCU → BOM,2026-04-19 16:40:41,2026-04-19 19:40:41,16,19,Afternoon,False,180.0,3.0,Valid
6F206,IndiGo,DEL,BOM,DEL → BOM,2026-04-19 16:39:41,2026-04-19 20:59:41,16,20,Afternoon,False,260.0,4.33,Valid
SJ204,SpiceJet,CCU,DEL,CCU → DEL,2026-04-19 16:34:41,2026-04-19 18:15:41,16,18,Afternoon,False,101.0,1.68,Valid
AI206,Air India,CCU,MAA,CCU → MAA,2026-04-19 16:30:41,2026-04-19 20:01:41,16,20,Afternoon,False,211.0,3.52,Valid
6F140,IndiGo,CCU,HYD,CCU → HYD,2026-04-19 16:30:41,2026-04-19 18:21:41,16,18,Afternoon,False,111.0,1.85,Valid
6F253,IndiGo,MAA,BLR,MAA → BLR,2026-04-19 16:26:41,2026-04-19 18:24:41,16,18,Afternoon,False,118.0,1.97,Valid
SJ203,SpiceJet,DEL,HYD,DEL → HYD,2026-04-19 16:22:41,2026-04-19 18:27:41,16,18,Afternoon,False,125.0,2.08,Valid
SJ161,SpiceJet,MAA,BLR,MAA → BLR,2026-04-19 16:22:41,2026-04-19 17:04:41,16,17,Afternoon,False,42.0,0.7,Valid
AI098,Air India,HYD,MAA,HYD → MAA,2026-04-19 16:01:41,2026-04-19 18:11:41,16,18,Afternoon,False,130.0,2.17,Valid
AI168,Air India,DEL,CCU,DEL → CCU,2026-04-19 15:50:41,2026-04-19 20:20:41,15,20,Afternoon,False,270.0,4.5,Valid
UK190,Vistara,DEL,BLR,DEL → BLR,2026-04-19 15:49:41,2026-04-19 18:53:41,15,18,Afternoon,False,184.0,3.07,Valid
AI085,Air India,DEL,HYD,DEL → HYD,2026-04-19 15:45:41,2026-04-19 20:33:41,15,20,Afternoon,False,288.0,4.8,Valid
AI076,Air India,BLR,BOM,BLR → BOM,2026-04-19 15:37:41,2026-04-19 16:12:41,15,16,Afternoon,False,35.0,0.58,Valid
UK130,Vistara,MAA,BLR,MAA → BLR,2026-04-19 15:36:41,2026-04-19 19:43:41,15,19,Afternoon,False,247.0,4.12,Valid
6F038,IndiGo,HYD,MAA,HYD → MAA,2026-04-19 15:36:41,2026-04-19 19:33:41,15,19,Afternoon,False,237.0,3.95,Valid
UK110,Vistara,HYD,DEL,HYD → DEL,2026-04-19 15:26:41,2026-04-19 20:13:41,15,20,Afternoon,False,287.0,4.78,Valid
SJ013,SpiceJet,DEL,MAA,DEL → MAA,2026-04-19 15:25:41,2026-04-19 19:54:41,15,19,Afternoon,False,269.0,4.48,Valid
AI039,Air India,MAA,BLR,MAA → BLR,2026-04-19 15:24:41,2026-04-19 18:56:41,15,18,Afternoon,False,212.0,3.53,Valid
AI248,Air India,CCU,DEL,CCU → DEL,2026-04-19 15:17:41,2026-04-19 16:35:41,15,16,Afternoon,False,78.0,1.3,Valid
6F199,IndiGo,DEL,MAA,DEL → MAA,2026-04-19 15:15:41,2026-04-19 17:32:41,15,17,Afternoon,False,137.0,2.28,Valid
AI225,Air India,BOM,BLR,BOM → BLR,2026-04-19 15:05:41,2026-04-19 16:01:41,15,16,Afternoon,False,56.0,0.93,Valid
SJ028,SpiceJet,CCU,BOM,CCU → BOM,2026-04-19 15:04:41,2026-04-19 19:32:41,15,19,Afternoon,False,268.0,4.47,Valid
SJ012,SpiceJet,HYD,BLR,HYD → BLR,2026-04-19 15:01:41,2026-04-19 16:12:41,15,16,Afternoon,False,71.0,1.18,Valid
SJ131,SpiceJet,MAA,HYD,MAA → HYD,2026-04-19 15:00:41,2026-04-19 16:07:41,15,16,Afternoon,False,67.0,1.12,Valid
AI010,Air India,BOM,HYD,BOM → HYD,2026-04-19 15:00:41,2026-04-19 19:48:41,15,19,Afternoon,False,288.0,4.8,Valid
6F020,IndiGo,BOM,HYD,BOM → HYD,2026-04-19 14:58:41,2026-04-19 16:43:41,14,16,Afternoon,False,105.0,1.75,Valid
SJ038,SpiceJet,BLR,DEL,BLR → DEL,2026-04-19 14:57:41,2026-04-19 17:46:41,14,17,Afternoon,False,169.0,2.82,Valid
UK204,Vistara,BLR,DEL,BLR → DEL,2026-04-19 14:46:41,2026-04-19 16:24:41,14,16,Afternoon,False,98.0,1.63,Valid
AI036,Air India,BOM,CCU,BOM → CCU,2026-04-19 14:45:41,2026-04-19 16:16:41,14,16,Afternoon,False,91.0,1.52,Valid
AI100,Air India,CCU,BOM,CCU → BOM,2026-04-19 14:42:41,2026-04-19 18:22:41,14,18,Afternoon,False,220.0,3.67,Valid
SJ215,SpiceJet,CCU,DEL,CCU → DEL,2026-04-19 14:37:41,2026-04-19 16:12:41,14,16,Afternoon,False,95.0,1.58,Valid
UK155,Vistara,MAA,HYD,MAA → HYD,2026-04-19 14:34:41,2026-04-19 18:37:41,14,18,Afternoon,False,243.0,4.05,Valid
SJ173,SpiceJet,CCU,HYD,CCU → HYD,2026-04-19 14:27:41,2026-04-19 16:09:41,14,16,Afternoon,False,102.0,1.7,Valid
UK179,Vistara,DEL,HYD,DEL → HYD,2026-04-19 14:25:41,2026-04-19 19:15:41,14,19,Afternoon,False,290.0,4.83,Valid
UK221,Vistara,CCU,DEL,CCU → DEL,2026-04-19 14:18:41,2026-04-19 18:44:41,14,18,Afternoon,False,266.0,4.43,Valid
UK023,Vistara,DEL,MAA,DEL → MAA,2026-04-19 14:15:41,2026-04-19 19:03:41,14,19,Afternoon,False,288.0,4.8,Valid
SJ107,SpiceJet,BOM,MAA,BOM → MAA,2026-04-19 14:10:41,2026-04-19 18:38:41,14,18,Afternoon,False,268.0,4.47,Valid
AI073,Air India,BOM,BLR,BOM → BLR,2026-04-19 14:08:41,2026-04-19 16:10:41,14,16,Afternoon,False,122.0,2.03,Valid
SJ187,SpiceJet,MAA,BLR,MAA → BLR,2026-04-19 14:07:41,2026-04-19 17:30:41,14,17,Afternoon,False,203.0,3.38,Valid
UK058,Vistara,MAA,BOM,MAA → BOM,2026-04-19 13:46:41,2026-04-19 17:04:41,13,17,Afternoon,False,198.0,3.3,Valid
SJ063,SpiceJet,MAA,BOM,MAA → BOM,2026-04-19 13:38:41,2026-04-19 15:23:41,13,15,Afternoon,False,105.0,1.75,Valid
SJ062,SpiceJet,BLR,HYD,BLR → HYD,2026-04-19 13:37:41,2026-04-19 17:06:41,13,17,Afternoon,False,209.0,3.48,Valid
UK048,Vistara,MAA,DEL,MAA → DEL,2026-04-19 13:36:41,2026-04-19 18:21:41,13,18,Afternoon,False,285.0,4.75,Valid
AI181,Air India,MAA,HYD,MAA → HYD,2026-04-19 13:29:41,2026-04-19 16:55:41,13,16,Afternoon,False,206.0,3.43,Valid
AI003,Air India,BLR,HYD,BLR → HYD,2026-04-19 13:27:41,2026-04-19 16:55:41,13,16,Afternoon,False,208.0,3.47,Valid
6F041,IndiGo,MAA,BOM,MAA → BOM,2026-04-19 13:19:41,2026-04-19 16:48:41,13,16,Afternoon,False,209.0,3.48,Valid
6F175,IndiGo,MAA,CCU,MAA → CCU,2026-04-19 13:18:41,2026-04-19 15:13:41,13,15,Afternoon,False,115.0,1.92,Valid
6F013,IndiGo,BOM,CCU,BOM → CCU,2026-04-19 13:15:41,2026-04-19 18:05:41,13,18,Afternoon,False,290.0,4.83,Valid
SJ040,SpiceJet,BOM,CCU,BOM → CCU,2026-04-19 13:12:41,2026-04-19 16:44:41,13,16,Afternoon,False,212.0,3.53,Valid
SJ016,SpiceJet,HYD,CCU,HYD → CCU,2026-04-19 13:01:41,2026-04-19 16:26:41,13,16,Afternoon,False,205.0,3.42,Valid
6F135,IndiGo,MAA,HYD,MAA → HYD,2026-04-19 12:59:41,2026-04-19 13:45:41,12,13,Afternoon,False,46.0,0.77,Valid
6F150,IndiGo,HYD,MAA,HYD → MAA,2026-04-19 12:55:41,2026-04-19 16:53:41,12,16,Afternoon,False,238.0,3.97,Valid
AI083,Air India,DEL,BOM,DEL → BOM,2026-04-19 12:54:41,2026-04-19 13:37:41,12,13,Afternoon,False,43.0,0.72,Valid
SJ166,SpiceJet,CCU,HYD,CCU → HYD,2026-04-19 12:51:41,2026-04-19 16:18:41,12,16,Afternoon,False,207.0,3.45,Valid
SJ027,SpiceJet,BOM,MAA,BOM → MAA,2026-04-19 12:50:41,2026-04-19 17:13:41,12,17,Afternoon,False,263.0,4.38,Valid
6F134,IndiGo,BLR,MAA,BLR → MAA,2026-04-19 12:47:41,2026-04-19 14:06:41,12,14,Afternoon,False,79.0,1.32,Valid
UK225,Vistara,MAA,BLR,MAA → BLR,2026-04-19 12:46:41,2026-04-19 15:02:41,12,15,Afternoon,False,136.0,2.27,Valid
SJ175,SpiceJet,MAA,BLR,MAA → BLR,2026-04-19 12:46:41,2026-04-19 16:50:41,12,16,Afternoon,False,244.0,4.07,Valid
AI182,Air India,HYD,DEL,HYD → DEL,2026-04-19 12:41:41,2026-04-19 17:14:41,12,17,Afternoon,False,273.0,4.55,Valid
AI190,Air India,BOM,CCU,BOM → CCU,2026-04-19 12:38:41,2026-04-19 15:56:41,12,15,Afternoon,False,198.0,3.3,Valid
AI120,Air India,MAA,CCU,MAA → CCU,2026-04-19 12:12:41,2026-04-19 14:18:41,12,14,Afternoon,False,126.0,2.1,Valid
6F132,IndiGo,MAA,BOM,MAA → BOM,2026-04-19 12:00:41,2026-04-19 13:00:42,12,13,Afternoon,False,60.02,1.0,Valid
UK102,Vistara,HYD,CCU,HYD → CCU,2026-04-19 11:58:41,2026-04-19 14:01:41,11,14,Morning,False,123.0,2.05,Valid
AI045,Air India,HYD,MAA,HYD → MAA,2026-04-19 11:58:41,2026-04-19 14:37:41,11,14,Morning,False,159.0,2.65,Valid
UK136,Vistara,HYD,CCU,HYD → CCU,2026-04-19 11:43:41,2026-04-19 15:26:41,11,15,Morning,False,223.0,3.72,Valid
SJ238,SpiceJet,MAA,BLR,MAA → BLR,2026-04-19 11:41:41,2026-04-19 15:39:41,11,15,Morning,False,238.0,3.97,Valid
AI193,Air India,MAA,HYD,MAA → HYD,2026-04-19 11:33:41,2026-04-19 16:07:41,11,16,Morning,False,274.0,4.57,Valid
6F001,IndiGo,HYD,BOM,HYD → BOM,2026-04-19 11:33:41,2026-04-19 13:08:41,11,13,Morning,False,95.0,1.58,Valid
6F211,IndiGo,MAA,BLR,MAA → BLR,2026-04-19 11:29:41,2026-04-19 16:20:41,11,16,Morning,False,291.0,4.85,Valid
SJ199,SpiceJet,HYD,BOM,HYD → BOM,2026-04-19 11:29:41,2026-04-19 13:59:41,11,13,Morning,False,150.0,2.5,Valid
SJ050,SpiceJet,HYD,CCU,HYD → CCU,2026-04-19 11:24:41,2026-04-19 12:03:41,11,12,Morning,False,39.0,0.65,Valid
UK115,Vistara,BLR,BOM,BLR → BOM,2026-04-19 11:20:41,2026-04-19 13:20:42,11,13,Morning,False,120.02,2.0,Valid
AI037,Air India,BOM,BLR,BOM → BLR,2026-04-19 11:14:41,2026-04-19 15:13:41,11,15,Morning,False,239.0,3.98,Valid
6F235,IndiGo,HYD,MAA,HYD → MAA,2026-04-19 11:06:41,2026-04-19 13:51:41,11,13,Morning,False,165.0,2.75,Valid
UK111,Vistara,MAA,BLR,MAA → BLR,2026-04-19 11:06:41,2026-04-19 12:20:41,11,12,Morning,False,74.0,1.23,Valid
6F005,IndiGo,BOM,MAA,BOM → MAA,2026-04-19 11:04:41,2026-04-19 15:27:41,11,15,Morning,False,263.0,4.38,Valid
AI198,Air India,CCU,MAA,CCU → MAA,2026-04-19 10:56:41,2026-04-19 14:19:41,10,14,Morning,False,203.0,3.38,Valid
UK184,Vistara,MAA,HYD,MAA → HYD,2026-04-19 10:49:41,2026-04-19 13:00:41,10,13,Morning,False,131.0,2.18,Valid
6F219,IndiGo,MAA,DEL,MAA → DEL,2026-04-19 10:32:41,2026-04-19 14:37:41,10,14,Morning,False,245.0,4.08,Valid
UK066,Vistara,BOM,CCU,BOM → CCU,2026-04-19 10:29:41,2026-04-19 12:07:41,10,12,Morning,False,98.0,1.63,Valid
6F220,IndiGo,HYD,BOM,HYD → BOM,2026-04-19 10:27:41,2026-04-19 11:25:41,10,11,Morning,False,58.0,0.97,Valid
AI180,Air India,BOM,CCU,BOM → CCU,2026-04-19 10:19:41,2026-04-19 11:00:41,10,11,Morning,False,41.0,0.68,Valid
6F098,IndiGo,BLR,MAA,BLR → MAA,2026-04-19 10:18:41,2026-04-19 12:49:41,10,12,Morning,False,151.0,2.52,Valid
AI141,Air India,BLR,DEL,BLR → DEL,2026-04-19 10:16:41,2026-04-19 14:53:41,10,14,Morning,False,277.0,4.62,Valid
SJ170,SpiceJet,BLR,BOM,BLR → BOM,2026-04-19 10:11:41,2026-04-19 11:56:41,10,11,Morning,False,105.0,1.75,Valid
SJ178,SpiceJet,BOM,HYD,BOM → HYD,2026-04-19 09:58:41,2026-04-19 12:27:41,9,12,Morning,False,149.0,2.48,Valid
6F172,IndiGo,BOM,BLR,BOM → BLR,2026-04-19 09:53:41,2026-04-19 14:46:41,9,14,Morning,False,293.0,4.88,Valid
UK220,Vistara,BLR,BOM,BLR → BOM,2026-04-19 09:51:41,2026-04-19 13:25:41,9,13,Morning,False,214.0,3.57,Valid
SJ148,SpiceJet,DEL,BLR,DEL → BLR,2026-04-19 09:51:41,2026-04-19 13:41:41,9,13,Morning,False,230.0,3.83,Valid
UK065,Vistara,BOM,CCU,BOM → CCU,2026-04-19 09:38:41,2026-04-19 13:46:41,9,13,Morning,False,248.0,4.13,Valid
6F243,IndiGo,BOM,HYD,BOM → HYD,2026-04-19 09:37:41,2026-04-19 10:33:41,9,10,Morning,False,56.0,0.93,Valid
SJ193,SpiceJet,CCU,DEL,CCU → DEL,2026-04-19 09:37:41,2026-04-19 12:16:41,9,12,Morning,False,159.0,2.65,Valid
UK056,Vistara,HYD,MAA,HYD → MAA,2026-04-19 09:29:41,2026-04-19 10:15:41,9,10,Morning,False,46.0,0.77,Valid
AI219,Air India,BLR,DEL,BLR → DEL,2026-04-19 09:28:41,2026-04-19 11:27:41,9,11,Morning,False,119.0,1.98,Valid
SJ073,SpiceJet,CCU,BLR,CCU → BLR,2026-04-19 09:26:41,2026-04-19 11:14:41,9,11,Morning,False,108.0,1.8,Valid
6F052,IndiGo,BOM,CCU,BOM → CCU,2026-04-19 09:13:41,2026-04-19 12:02:41,9,12,Morning,False,169.0,2.82,Valid
SJ201,SpiceJet,BLR,DEL,BLR → DEL,2026-04-19 09:10:41,2026-04-19 11:12:41,9,11,Morning,False,122.0,2.03,Valid
UK028,Vistara,HYD,MAA,HYD → MAA,2026-04-19 09:02:41,2026-04-19 10:37:41,9,10,Morning,False,95.0,1.58,Valid
SJ119,SpiceJet,BOM,CCU,BOM → CCU,2026-04-19 08:53:41,2026-04-19 11:29:41,8,11,Morning,False,156.0,2.6,Valid
AI165,Air India,DEL,CCU,DEL → CCU,2026-04-19 08:51:41,2026-04-19 10:31:41,8,10,Morning,False,100.0,1.67,Valid
AI255,Air India,MAA,CCU,MAA → CCU,2026-04-19 08:45:41,2026-04-19 13:12:41,8,13,Morning,False,267.0,4.45,Valid
AI202,Air India,HYD,BLR,HYD → BLR,2026-04-19 08:44:41,2026-04-19 10:53:41,8,10,Morning,False,129.0,2.15,Valid
SJ039,SpiceJet,MAA,BOM,MAA → BOM,2026-04-19 08:41:41,2026-04-19 12:08:41,8,12,Morning,False,207.0,3.45,Valid
SJ051,SpiceJet,BOM,BLR,BOM → BLR,2026-04-19 08:40:41,2026-04-19 12:18:41,8,12,Morning,False,218.0,3.63,Valid
UK024,Vistara,MAA,BLR,MAA → BLR,2026-04-19 08:29:41,2026-04-19 13:29:41,8,13,Morning,False,300.0,5.0,Valid
SJ006,SpiceJet,HYD,BLR,HYD → BLR,2026-04-19 08:25:41,2026-04-19 08:57:41,8,8,Morning,False,32.0,0.53,Valid
AI207,Air India,BOM,MAA,BOM → MAA,2026-04-19 08:24:41,2026-04-19 11:23:41,8,11,Morning,False,179.0,2.98,Valid
SJ168,SpiceJet,CCU,BOM,CCU → BOM,2026-04-19 08:17:41,2026-04-19 12:29:41,8,12,Morning,False,252.0,4.2,Valid
AI028,Air India,HYD,BOM,HYD → BOM,2026-04-19 07:53:41,2026-04-19 08:35:41,7,8,Morning,False,42.0,0.7,Valid
6F094,IndiGo,BLR,BOM,BLR → BOM,2026-04-19 07:37:41,2026-04-19 09:06:41,7,9,Morning,False,89.0,1.48,Valid
6F024,IndiGo,BOM,DEL,BOM → DEL,2026-04-19 07:31:41,2026-04-19 11:17:41,7,11,Morning,False,226.0,3.77,Valid
6F061,IndiGo,MAA,BOM,MAA → BOM,2026-04-19 07:28:41,2026-04-19 08:09:41,7,8,Morning,False,41.0,0.68,Valid
AI032,Air India,MAA,BLR,MAA → BLR,2026-04-19 07:26:41,2026-04-19 09:26:42,7,9,Morning,False,120.02,2.0,Valid
UK163,Vistara,DEL,HYD,DEL → HYD,2026-04-19 07:22:41,2026-04-19 09:04:41,7,9,Morning,False,102.0,1.7,Valid
SJ067,SpiceJet,MAA,BLR,MAA → BLR,2026-04-19 07:17:41,2026-04-19 08:16:41,7,8,Morning,False,59.0,0.98,Valid
SJ106,SpiceJet,CCU,DEL,CCU → DEL,2026-04-19 07:16:41,2026-04-19 09:40:41,7,9,Morning,False,144.0,2.4,Valid
AI086,Air India,CCU,HYD,CCU → HYD,2026-04-19 07:13:41,2026-04-19 10:09:41,7,10,Morning,False,176.0,2.93,Valid
6F263,IndiGo,DEL,HYD,DEL → HYD,2026-04-19 07:07:41,2026-04-19 08:30:41,7,8,Morning,False,83.0,1.38,Valid
6F163,IndiGo,MAA,BOM,MAA → BOM,2026-04-19 06:49:41,2026-04-19 10:46:41,6,10,Morning,False,237.0,3.95,Valid
SJ064,SpiceJet,CCU,DEL,CCU → DEL,2026-04-19 06:29:41,2026-04-19 08:43:41,6,8,Morning,False,134.0,2.23,Valid
UK118,Vistara,HYD,BLR,HYD → BLR,2026-04-19 06:22:41,2026-04-19 07:22:42,6,7,Morning,False,60.02,1.0,Valid
UK022,Vistara,DEL,HYD,DEL → HYD,2026-04-19 06:22:41,2026-04-19 10:59:41,6,10,Morning,False,277.0,4.62,Valid
UK099,Vistara,BOM,MAA,BOM → MAA,2026-04-19 06:16:41,2026-04-19 10:24:41,6,10,Morning,False,248.0,4.13,Valid
6F212,IndiGo,BLR,CCU,BLR → CCU,2026-04-19 06:10:41,2026-04-19 10:52:41,6,10,Morning,False,282.0,4.7,Valid
AI023,Air India,HYD,BLR,HYD → BLR,2026-04-19 06:10:41,2026-04-19 09:35:41,6,9,Morning,False,205.0,3.42,Valid
SJ245,SpiceJet,BOM,DEL,BOM → DEL,2026-04-19 06:07:41,2026-04-19 09:39:41,6,9,Morning,False,212.0,3.53,Valid
6F066,IndiGo,BLR,HYD,BLR → HYD,2026-04-19 06:07:41,2026-04-19 07:43:41,6,7,Morning,False,96.0,1.6,Valid
AI138,Air India,DEL,CCU,DEL → CCU,2026-04-19 05:50:41,2026-04-19 06:40:41,5,6,Night,False,50.0,0.83,Valid
SJ021,SpiceJet,HYD,BLR,HYD → BLR,2026-04-19 05:48:41,2026-04-19 09:46:41,5,9,Night,False,238.0,3.97,Valid
SJ136,SpiceJet,HYD,BLR,HYD → BLR,2026-04-19 05:45:41,2026-04-19 08:04:41,5,8,Night,False,139.0,2.32,Valid
AI148,Air India,HYD,MAA,HYD → MAA,2026-04-19 05:41:41,2026-04-19 08:32:41,5,8,Night,False,171.0,2.85,Valid
SJ014,SpiceJet,BOM,HYD,BOM → HYD,2026-04-19 05:40:41,2026-04-19 06:39:41,5,6,Night,False,59.0,0.98,Valid
6F104,IndiGo,CCU,BOM,CCU → BOM,2026-04-19 05:39:41,2026-04-19 06:14:41,5,6,Night,False,35.0,0.58,Valid
SJ121,SpiceJet,CCU,DEL,CCU → DEL,2026-04-19 05:32:41,2026-04-19 06:47:41,5,6,Night,False,75.0,1.25,Valid
UK174,Vistara,CCU,DEL,CCU → DEL,2026-04-19 05:27:41,2026-04-19 07:47:41,5,7,Night,False,140.0,2.33,Valid
AI033,Air India,MAA,CCU,MAA → CCU,2026-04-19 05:25:41,2026-04-19 10:21:41,5,10,Night,False,296.0,4.93,Valid
SJ122,SpiceJet,CCU,BOM,CCU → BOM,2026-04-19 05:22:41,2026-04-19 10:09:41,5,10,Night,False,287.0,4.78,Valid
UK095,Vistara,BOM,MAA,BOM → MAA,2026-04-19 05:22:41,2026-04-19 07:36:41,5,7,Night,False,134.0,2.23,Valid
SJ026,SpiceJet,CCU,MAA,CCU → MAA,2026-04-19 05:22:41,2026-04-19 09:40:41,5,9,Night,False,258.0,4.3,Valid
6F221,IndiGo,MAA,DEL,MAA → DEL,2026-04-19 05:20:41,2026-04-19 08:52:41,5,8,Night,False,212.0,3.53,Valid
SJ103,SpiceJet,MAA,BLR,MAA → BLR,2026-04-19 05:16:41,2026-04-19 08:56:41,5,8,Night,False,220.0,3.67,Valid
SJ011,SpiceJet,BOM,MAA,BOM → MAA,2026-04-19 05:14:41,2026-04-19 09:59:41,5,9,Night,False,285.0,4.75,Valid
AI002,Air India,HYD,BLR,HYD → BLR,2026-04-19 05:12:41,2026-04-19 07:12:41,5,7,Night,False,120.0,2.0,Valid
AI046,Air India,DEL,BOM,DEL → BOM,2026-04-19 05:09:41,2026-04-19 08:00:41,5,8,Night,False,171.0,2.85,Valid
SJ053,SpiceJet,CCU,DEL,CCU → DEL,2026-04-19 05:00:41,2026-04-19 06:38:41,5,6,Night,False,98.0,1.63,Valid
AI236,Air India,DEL,BOM,DEL → BOM,2026-04-19 04:52:41,2026-04-19 09:11:41,4,9,Night,False,259.0,4.32,Valid
AI254,Air India,CCU,HYD,CCU → HYD,2026-04-19 04:46:41,2026-04-19 08:06:41,4,8,Night,False,200.0,3.33,Valid
6F063,IndiGo,DEL,HYD,DEL → HYD,2026-04-19 04:42:41,2026-04-19 07:31:41,4,7,Night,False,169.0,2.82,Valid
6F115,IndiGo,MAA,BLR,MAA → BLR,2026-04-19 04:41:41,2026-04-19 06:23:41,4,6,Night,False,102.0,1.7,Valid
UK070,Vistara,BOM,DEL,BOM → DEL,2026-04-19 04:36:41,2026-04-19 06:49:41,4,6,Night,False,133.0,2.22,Valid
SJ147,SpiceJet,BLR,CCU,BLR → CCU,2026-04-19 04:30:41,2026-04-19 08:52:41,4,8,Night,False,262.0,4.37,Valid
UK201,Vistara,HYD,BOM,HYD → BOM,2026-04-19 04:29:41,2026-04-19 06:42:41,4,6,Night,False,133.0,2.22,Valid
SJ234,SpiceJet,BLR,CCU,BLR → CCU,2026-04-19 04:20:41,2026-04-19 06:23:41,4,6,Night,False,123.0,2.05,Valid
AI176,Air India,BLR,DEL,BLR → DEL,2026-04-19 04:20:41,2026-04-19 06:25:41,4,6,Night,False,125.0,2.08,Valid
SJ045,SpiceJet,DEL,MAA,DEL → MAA,2026-04-19 04:16:41,2026-04-19 09:03:41,4,9,Night,False,287.0,4.78,Valid
SJ174,SpiceJet,CCU,DEL,CCU → DEL,2026-04-19 04:09:41,2026-04-19 05:04:41,4,5,Night,False,55.0,0.92,Valid
AI007,Air India,MAA,DEL,MAA → DEL,2026-04-19 04:01:41,2026-04-19 06:01:42,4,6,Night,False,120.02,2.0,Valid
AI143,Air India,CCU,DEL,CCU → DEL,2026-04-19 03:58:41,2026-04-19 04:36:41,3,4,Night,False,38.0,0.63,Valid
SJ241,SpiceJet,DEL,HYD,DEL → HYD,2026-04-19 03:57:41,2026-04-19 06:36:41,3,6,Night,False,159.0,2.65,Valid
AI020,Air India,BOM,BLR,BOM → BLR,2026-04-19 03:53:41,2026-04-19 06:21:41,3,6,Night,False,148.0,2.47,Valid
UK031,Vistara,CCU,DEL,CCU → DEL,2026-04-19 03:45:41,2026-04-19 07:20:41,3,7,Night,False,215.0,3.58,Valid
AI013,Air India,HYD,BLR,HYD → BLR,2026-04-19 03:41:41,2026-04-19 04:58:41,3,4,Night,False,77.0,1.28,Valid
AI249,Air India,BLR,HYD,BLR → HYD,2026-04-19 03:38:41,2026-04-19 06:27:41,3,6,Night,False,169.0,2.82,Valid
UK046,Vistara,CCU,DEL,CCU → DEL,2026-04-19 03:37:41,2026-04-19 06:05:41,3,6,Night,False,148.0,2.47,Valid
UK168,Vistara,BLR,CCU,BLR → CCU,2026-04-19 03:20:41,2026-04-19 04:09:41,3,4,Night,False,49.0,0.82,Valid
AI022,Air India,BOM,MAA,BOM → MAA,2026-04-19 03:15:41,2026-04-19 05:10:41,3,5,Night,False,115.0,1.92,Valid
UK218,Vistara,MAA,BLR,MAA → BLR,2026-04-19 03:12:41,2026-04-19 07:22:41,3,7,Night,False,250.0,4.17,Valid
UK142,Vistara,BLR,DEL,BLR → DEL,2026-04-19 03:03:41,2026-04-19 07:13:41,3,7,Night,False,250.0,4.17,Valid
6F067,IndiGo,MAA,BLR,MAA → BLR,2026-04-19 02:59:41,2026-04-19 06:02:41,2,6,Night,False,183.0,3.05,Valid
SJ217,SpiceJet,BOM,CCU,BOM → CCU,2026-04-19 02:57:41,2026-04-19 06:04:41,2,6,Night,False,187.0,3.12,Valid
SJ143,SpiceJet,DEL,BOM,DEL → BOM,2026-04-19 02:55:41,2026-04-19 03:52:41,2,3,Night,False,57.0,0.95,Valid
AI243,Air India,BLR,BOM,BLR → BOM,2026-04-19 02:50:41,2026-04-19 05:09:41,2,5,Night,False,139.0,2.32,Valid
SJ246,SpiceJet,BOM,DEL,BOM → DEL,2026-04-19 02:47:41,2026-04-19 03:47:42,2,3,Night,False,60.02,1.0,Valid
6F170,IndiGo,HYD,DEL,HYD → DEL,2026-04-19 02:44:41,2026-04-19 04:14:41,2,4,Night,False,90.0,1.5,Valid
UK157,Vistara,CCU,BOM,CCU → BOM,2026-04-19 02:41:41,2026-04-19 03:41:42,2,3,Night,False,60.02,1.0,Valid
UK172,Vistara,DEL,BOM,DEL → BOM,2026-04-19 02:20:41,2026-04-19 05:21:41,2,5,Night,False,181.0,3.02,Valid
SJ139,SpiceJet,DEL,BLR,DEL → BLR,2026-04-19 02:20:41,2026-04-19 06:02:41,2,6,Night,False,222.0,3.7,Valid
UK085,Vistara,MAA,DEL,MAA → DEL,2026-04-19 02:15:41,2026-04-19 03:17:41,2,3,Night,False,62.0,1.03,Valid
6F079,IndiGo,MAA,HYD,MAA → HYD,2026-04-19 02:14:41,2026-04-19 06:18:41,2,6,Night,False,244.0,4.07,Valid
SJ032,SpiceJet,MAA,BOM,MAA → BOM,2026-04-19 02:11:41,2026-04-19 04:33:41,2,4,Night,False,142.0,2.37,Valid
6F182,IndiGo,BOM,CCU,BOM → CCU,2026-04-19 02:10:41,2026-04-19 04:18:41,2,4,Night,False,128.0,2.13,Valid
AI106,Air India,HYD,BLR,HYD → BLR,2026-04-19 02:07:41,2026-04-19 03:20:41,2,3,Night,False,73.0,1.22,Valid
AI200,Air India,HYD,MAA,HYD → MAA,2026-04-19 02:05:41,2026-04-19 05:29:41,2,5,Night,False,204.0,3.4,Valid
6F142,IndiGo,CCU,MAA,CCU → MAA,2026-04-19 02:05:41,2026-04-19 06:04:41,2,6,Night,False,239.0,3.98,Valid
SJ079,SpiceJet,HYD,DEL,HYD → DEL,2026-04-19 01:58:41,2026-04-19 05:02:41,1,5,Night,False,184.0,3.07,Valid
SJ082,SpiceJet,BOM,DEL,BOM → DEL,2026-04-19 01:54:41,2026-04-19 02:33:41,1,2,Night,False,39.0,0.65,Valid
SJ110,SpiceJet,CCU,DEL,CCU → DEL,2026-04-19 01:47:41,2026-04-19 02:20:41,1,2,Night,False,33.0,0.55,Valid
6F262,IndiGo,MAA,DEL,MAA → DEL,2026-04-19 01:44:41,2026-04-19 02:47:41,1,2,Night,False,63.0,1.05,Valid
UK143,Vistara,BLR,BOM,BLR → BOM,2026-04-19 01:34:41,2026-04-19 02:48:41,1,2,Night,False,74.0,1.23,Valid
6F269,IndiGo,HYD,MAA,HYD → MAA,2026-04-19 01:30:41,2026-04-19 02:52:41,1,2,Night,False,82.0,1.37,Valid
6F214,IndiGo,BOM,CCU,BOM → CCU,2026-04-19 01:21:41,2026-04-19 05:20:41,1,5,Night,False,239.0,3.98,Valid
SJ213,SpiceJet,BOM,CCU,BOM → CCU,2026-04-19 01:19:41,2026-04-19 04:48:41,1,4,Night,False,209.0,3.48,Valid
SJ072,SpiceJet,DEL,HYD,DEL → HYD,2026-04-19 01:18:41,2026-04-19 04:08:41,1,4,Night,False,170.0,2.83,Valid
6F059,IndiGo,BOM,DEL,BOM → DEL,2026-04-19 01:12:41,2026-04-19 06:02:41,1,6,Night,False,290.0,4.83,Valid
UK202,Vistara,DEL,HYD,DEL → HYD,2026-04-19 01:11:41,2026-04-19 05:37:41,1,5,Night,False,266.0,4.43,Valid
UK037,Vistara,BLR,BOM,BLR → BOM,2026-04-19 01:10:41,2026-04-19 05:12:41,1,5,Night,False,242.0,4.03,Valid
UK069,Vistara,CCU,DEL,CCU → DEL,2026-04-19 01:10:41,2026-04-19 03:23:41,1,3,Night,False,133.0,2.22,Valid
SJ118,SpiceJet,DEL,BOM,DEL → BOM,2026-04-19 01:08:41,2026-04-19 02:33:41,1,2,Night,False,85.0,1.42,Valid
6F145,IndiGo,CCU,DEL,CCU → DEL,2026-04-19 01:02:41,2026-04-19 02:18:41,1,2,Night,False,76.0,1.27,Valid
UK097,Vistara,HYD,BOM,HYD → BOM,2026-04-19 00:49:41,2026-04-19 05:00:41,0,5,Night,False,251.0,4.18,Valid
6F117,IndiGo,CCU,DEL,CCU → DEL,2026-04-19 00:46:41,2026-04-19 01:51:41,0,1,Night,False,65.0,1.08,Valid
6F226,IndiGo,DEL,BOM,DEL → BOM,2026-04-19 00:38:41,2026-04-19 02:55:41,0,2,Night,False,137.0,2.28,Valid
6F050,IndiGo,DEL,BOM,DEL → BOM,2026-04-19 00:35:41,2026-04-19 04:32:41,0,4,Night,False,237.0,3.95,Valid
UK196,Vistara,BOM,HYD,BOM → HYD,2026-04-19 00:32:41,2026-04-19 04:49:41,0,4,Night,False,257.0,4.28,Valid
SJ086,SpiceJet,CCU,DEL,CCU → DEL,2026-04-19 00:32:41,2026-04-19 04:17:41,0,4,Night,False,225.0,3.75,Valid
AI134,Air India,HYD,BOM,HYD → BOM,2026-04-19 00:28:41,2026-04-19 04:23:41,0,4,Night,False,235.0,3.92,Valid
AI043,Air India,CCU,DEL,CCU → DEL,2026-04-19 00:28:41,2026-04-19 04:37:41,0,4,Night,False,249.0,4.15,Valid
UK119,Vistara,BOM,CCU,BOM → CCU,2026-04-19 00:21:41,2026-04-19 04:38:41,0,4,Night,False,257.0,4.28,Valid
SJ181,SpiceJet,BOM,BLR,BOM → BLR,2026-04-19 00:20:41,2026-04-19 01:49:41,0,1,Night,False,89.0,1.48,Valid
AI070,Air India,CCU,DEL,CCU → DEL,2026-04-19 00:05:41,2026-04-19 01:44:41,0,1,Night,False,99.0,1.65,Valid
6F233,IndiGo,BLR,BOM,BLR → BOM,2026-04-18 23:56:41,2026-04-19 03:53:41,23,3,Evening,True,237.0,3.95,Valid
UK013,Vistara,BOM,MAA,BOM → MAA,2026-04-18 23:52:41,2026-04-19 02:52:41,23,2,Evening,True,180.0,3.0,Valid
6F015,IndiGo,BOM,CCU,BOM → CCU,2026-04-18 23:39:41,2026-04-19 02:27:41,23,2,Evening,True,168.0,2.8,Valid
SJ247,SpiceJet,DEL,BOM,DEL → BOM,2026-04-18 23:38:41,2026-04-19 03:43:41,23,3,Evening,True,245.0,4.08,Valid
AI067,Air India,HYD,DEL,HYD → DEL,2026-04-18 23:36:41,2026-04-19 03:09:41,23,3,Evening,True,213.0,3.55,Valid
AI211,Air India,DEL,CCU,DEL → CCU,2026-04-18 23:34:41,2026-04-19 01:21:41,23,1,Evening,True,107.0,1.78,Valid
UK029,Vistara,DEL,BOM,DEL → BOM,2026-04-18 23:26:41,2026-04-19 02:15:41,23,2,Evening,True,169.0,2.82,Valid
SJ200,SpiceJet,BOM,DEL,BOM → DEL,2026-04-18 23:24:41,2026-04-19 02:11:41,23,2,Evening,True,167.0,2.78,Valid
6F087,IndiGo,DEL,HYD,DEL → HYD,2026-04-18 23:24:41,2026-04-19 03:10:41,23,3,Evening,True,226.0,3.77,Valid
SJ210,SpiceJet,HYD,CCU,HYD → CCU,2026-04-18 23:21:41,2026-04-19 02:54:41,23,2,Evening,True,213.0,3.55,Valid
AI101,Air India,DEL,BLR,DEL → BLR,2026-04-18 23:20:41,2026-04-19 02:23:41,23,2,Evening,True,183.0,3.05,Valid
UK075,Vistara,MAA,CCU,MAA → CCU,2026-04-18 23:15:41,2026-04-19 03:54:41,23,3,Evening,True,279.0,4.65,Valid
SJ091,SpiceJet,BLR,CCU,BLR → CCU,2026-04-18 23:10:41,2026-04-19 00:47:41,23,0,Evening,True,97.0,1.62,Valid
AI251,Air India,MAA,DEL,MAA → DEL,2026-04-18 22:40:41,2026-04-18 23:24:41,22,23,Evening,False,44.0,0.73,Valid
SJ042,SpiceJet,HYD,CCU,HYD → CCU,2026-04-18 22:38:41,2026-04-19 02:20:41,22,2,Evening,True,222.0,3.7,Valid
UK126,Vistara,CCU,DEL,CCU → DEL,2026-04-18 22:37:41,2026-04-19 00:03:41,22,0,Evening,True,86.0,1.43,Valid
6F042,IndiGo,HYD,DEL,HYD → DEL,2026-04-18 22:35:41,2026-04-19 02:41:41,22,2,Evening,True,246.0,4.1,Valid
AI116,Air India,CCU,BOM,CCU → BOM,2026-04-18 22:30:41,2026-04-19 01:57:41,22,1,Evening,True,207.0,3.45,Valid
SJ209,SpiceJet,BLR,BOM,BLR → BOM,2026-04-18 22:22:41,2026-04-19 02:03:41,22,2,Evening,True,221.0,3.68,Valid
AI123,Air India,MAA,BOM,MAA → BOM,2026-04-18 22:19:41,2026-04-19 00:45:41,22,0,Evening,True,146.0,2.43,Valid
6F016,IndiGo,HYD,BOM,HYD → BOM,2026-04-18 22:18:41,2026-04-18 22:54:41,22,22,Evening,False,36.0,0.6,Valid
UK012,Vistara,MAA,BOM,MAA → BOM,2026-04-18 22:16:41,2026-04-19 00:25:41,22,0,Evening,True,129.0,2.15,Valid
SJ188,SpiceJet,BLR,BOM,BLR → BOM,2026-04-18 22:15:41,2026-04-18 22:55:41,22,22,Evening,False,40.0,0.67,Valid
UK096,Vistara,BLR,HYD,BLR → HYD,2026-04-18 22:11:41,2026-04-19 00:06:41,22,0,Evening,True,115.0,1.92,Valid
SJ046,SpiceJet,BOM,MAA,BOM → MAA,2026-04-18 22:01:41,2026-04-19 01:25:41,22,1,Evening,True,204.0,3.4,Valid
UK081,Vistara,BLR,DEL,BLR → DEL,2026-04-18 22:00:41,2026-04-18 23:00:41,22,23,Evening,False,60.0,1.0,Valid
UK191,Vistara,MAA,BLR,MAA → BLR,2026-04-18 21:51:41,2026-04-18 22:57:41,21,22,Evening,False,66.0,1.1,Valid
6F064,IndiGo,CCU,DEL,CCU → DEL,2026-04-18 21:45:41,2026-04-18 22:50:41,21,22,Evening,False,65.0,1.08,Valid
AI005,Air India,DEL,CCU,DEL → CCU,2026-04-18 21:24:41,2026-04-18 22:11:41,21,22,Evening,False,47.0,0.78,Valid
6F021,IndiGo,BLR,MAA,BLR → MAA,2026-04-18 21:23:41,2026-04-19 01:25:41,21,1,Evening,True,242.0,4.03,Valid
AI169,Air India,CCU,DEL,CCU → DEL,2026-04-18 21:21:41,2026-04-19 01:34:41,21,1,Evening,True,253.0,4.22,Valid
UK035,Vistara,HYD,BOM,HYD → BOM,2026-04-18 21:08:41,2026-04-18 22:24:41,21,22,Evening,False,76.0,1.27,Valid
AI040,Air India,HYD,BLR,HYD → BLR,2026-04-18 21:01:41,2026-04-18 22:42:41,21,22,Evening,False,101.0,1.68,Valid
UK042,Vistara,MAA,BOM,MAA → BOM,2026-04-18 20:59:41,2026-04-19 01:38:41,20,1,Evening,True,279.0,4.65,Valid
SJ171,SpiceJet,DEL,HYD,DEL → HYD,2026-04-18 20:52:41,2026-04-18 23:52:41,20,23,Evening,False,180.0,3.0,Valid
AI250,Air India,BOM,CCU,BOM → CCU,2026-04-18 20:48:41,2026-04-19 00:12:41,20,0,Evening,True,204.0,3.4,Valid
SJ195,SpiceJet,BOM,CCU,BOM → CCU,2026-04-18 20:41:41,2026-04-18 23:54:41,20,23,Evening,False,193.0,3.22,Valid
UK211,Vistara,MAA,CCU,MAA → CCU,2026-04-18 20:39:41,2026-04-18 22:02:41,20,22,Evening,False,83.0,1.38,Valid
UK122,Vistara,HYD,CCU,HYD → CCU,2026-04-18 20:29:42,2026-04-18 23:29:42,20,23,Evening,False,180.0,3.0,Valid
AI136,Air India,BLR,DEL,BLR → DEL,2026-04-18 20:29:41,2026-04-18 23:48:41,20,23,Evening,False,199.0,3.32,Valid
6F141,IndiGo,BOM,CCU,BOM → CCU,2026-04-18 20:26:41,2026-04-18 22:28:41,20,22,Evening,False,122.0,2.03,Valid
6F053,IndiGo,DEL,HYD,DEL → HYD,2026-04-18 20:26:41,2026-04-19 00:39:41,20,0,Evening,True,253.0,4.22,Valid
6F136,IndiGo,CCU,DEL,CCU → DEL,2026-04-18 20:24:41,2026-04-18 21:01:41,20,21,Evening,False,37.0,0.62,Valid
6F009,IndiGo,BLR,CCU,BLR → CCU,2026-04-18 20:21:41,2026-04-18 23:36:41,20,23,Evening,False,195.0,3.25,Valid
6F023,IndiGo,MAA,BLR,MAA → BLR,2026-04-18 20:18:41,2026-04-19 00:14:41,20,0,Evening,True,236.0,3.93,Valid
UK006,Vistara,MAA,CCU,MAA → CCU,2026-04-18 20:16:41,2026-04-18 21:55:41,20,21,Evening,False,99.0,1.65,Valid
SJ165,SpiceJet,CCU,BOM,CCU → BOM,2026-04-18 20:08:41,2026-04-18 23:18:41,20,23,Evening,False,190.0,3.17,Valid
6F189,IndiGo,MAA,BLR,MAA → BLR,2026-04-18 20:08:41,2026-04-18 21:51:41,20,21,Evening,False,103.0,1.72,Valid
AI131,Air India,MAA,BOM,MAA → BOM,2026-04-18 19:55:41,2026-04-18 22:35:41,19,22,Evening,False,160.0,2.67,Valid
6F004,IndiGo,BOM,CCU,BOM → CCU,2026-04-18 19:53:41,2026-04-18 23:33:41,19,23,Evening,False,220.0,3.67,Valid
AI027,Air India,BOM,MAA,BOM → MAA,2026-04-18 19:41:41,2026-04-18 23:23:41,19,23,Evening,False,222.0,3.7,Valid
AI238,Air India,CCU,MAA,CCU → MAA,2026-04-18 19:25:41,2026-04-19 00:07:41,19,0,Evening,True,282.0,4.7,Valid
SJ105,SpiceJet,BOM,HYD,BOM → HYD,2026-04-18 19:22:41,2026-04-18 22:48:41,19,22,Evening,False,206.0,3.43,Valid
UK088,Vistara,MAA,BLR,MAA → BLR,2026-04-18 19:16:41,2026-04-18 23:36:41,19,23,Evening,False,260.0,4.33,Valid
6F035,IndiGo,CCU,HYD,CCU → HYD,2026-04-18 19:16:41,2026-04-18 23:40:41,19,23,Evening,False,264.0,4.4,Valid
AI133,Air India,DEL,CCU,DEL → CCU,2026-04-18 19:12:41,2026-04-18 21:32:41,19,21,Evening,False,140.0,2.33,Valid
AI001,Air India,DEL,HYD,DEL → HYD,2026-04-18 19:00:41,2026-04-18 22:03:41,19,22,Evening,False,183.0,3.05,Valid
SJ133,SpiceJet,BOM,CCU,BOM → CCU,2026-04-18 18:50:41,2026-04-18 21:29:41,18,21,Evening,False,159.0,2.65,Valid
SJ216,SpiceJet,BOM,CCU,BOM → CCU,2026-04-18 18:35:41,2026-04-18 21:31:41,18,21,Evening,False,176.0,2.93,Valid
SJ225,SpiceJet,DEL,HYD,DEL → HYD,2026-04-18 18:16:41,2026-04-18 20:53:41,18,20,Evening,False,157.0,2.62,Valid
AI147,Air India,HYD,CCU,HYD → CCU,2026-04-18 18:14:41,2026-04-18 20:10:41,18,20,Evening,False,116.0,1.93,Valid
SJ054,SpiceJet,MAA,BLR,MAA → BLR,2026-04-18 18:13:41,2026-04-18 22:46:41,18,22,Evening,False,273.0,4.55,Valid
6F197,IndiGo,BOM,BLR,BOM → BLR,2026-04-18 17:59:41,2026-04-18 22:44:41,17,22,Afternoon,False,285.0,4.75,Valid
SJ066,SpiceJet,HYD,CCU,HYD → CCU,2026-04-18 17:47:41,2026-04-18 19:03:41,17,19,Afternoon,False,76.0,1.27,Valid
SJ183,SpiceJet,CCU,DEL,CCU → DEL,2026-04-18 17:44:41,2026-04-18 19:40:41,17,19,Afternoon,False,116.0,1.93,Valid
SJ151,SpiceJet,BOM,CCU,BOM → CCU,2026-04-18 17:44:41,2026-04-18 19:16:41,17,19,Afternoon,False,92.0,1.53,Valid
SJ071,SpiceJet,CCU,MAA,CCU → MAA,2026-04-18 17:43:41,2026-04-18 19:32:41,17,19,Afternoon,False,109.0,1.82,Valid
SJ102,SpiceJet,MAA,CCU,MAA → CCU,2026-04-18 17:26:41,2026-04-18 18:58:41,17,18,Afternoon,False,92.0,1.53,Valid
AI209,Air India,BLR,CCU,BLR → CCU,2026-04-18 17:25:41,2026-04-18 18:37:41,17,18,Afternoon,False,72.0,1.2,Valid
6F111,IndiGo,HYD,DEL,HYD → DEL,2026-04-18 17:09:41,2026-04-18 20:02:41,17,20,Afternoon,False,173.0,2.88,Valid
AI050,Air India,BLR,BOM,BLR → BOM,2026-04-18 17:07:41,2026-04-18 19:42:41,17,19,Afternoon,False,155.0,2.58,Valid
SJ189,SpiceJet,HYD,BLR,HYD → BLR,2026-04-18 17:05:41,2026-04-18 22:01:41,17,22,Afternoon,False,296.0,4.93,Valid
UK112,Vistara,CCU,DEL,CCU → DEL,2026-04-18 17:05:41,2026-04-18 19:47:41,17,19,Afternoon,False,162.0,2.7,Valid
6F171,IndiGo,DEL,BLR,DEL → BLR,2026-04-18 17:03:41,2026-04-18 18:12:41,17,18,Afternoon,False,69.0,1.15,Valid
AI011,Air India,CCU,BOM,CCU → BOM,2026-04-18 16:58:41,2026-04-18 21:01:41,16,21,Afternoon,False,243.0,4.05,Valid
6F027,IndiGo,BLR,DEL,BLR → DEL,2026-04-18 16:52:41,2026-04-18 18:21:41,16,18,Afternoon,False,89.0,1.48,Valid
UK082,Vistara,DEL,BOM,DEL → BOM,2026-04-18 16:50:41,2026-04-18 21:21:41,16,21,Afternoon,False,271.0,4.52,Valid
UK138,Vistara,DEL,BLR,DEL → BLR,2026-04-18 16:47:41,2026-04-18 19:36:41,16,19,Afternoon,False,169.0,2.82,Valid
UK198,Vistara,DEL,BLR,DEL → BLR,2026-04-18 16:43:41,2026-04-18 18:18:41,16,18,Afternoon,False,95.0,1.58,Valid
6F039,IndiGo,MAA,CCU,MAA → CCU,2026-04-18 16:43:41,2026-04-18 21:01:41,16,21,Afternoon,False,258.0,4.3,Valid
6F157,IndiGo,MAA,CCU,MAA → CCU,2026-04-18 16:37:41,2026-04-18 18:04:41,16,18,Afternoon,False,87.0,1.45,Valid
SJ024,SpiceJet,DEL,MAA,DEL → MAA,2026-04-18 16:29:41,2026-04-18 20:21:41,16,20,Afternoon,False,232.0,3.87,Valid
6F167,IndiGo,BLR,BOM,BLR → BOM,2026-04-18 16:26:41,2026-04-18 17:50:41,16,17,Afternoon,False,84.0,1.4,Valid
AI197,Air India,BOM,CCU,BOM → CCU,2026-04-18 16:25:41,2026-04-18 20:00:41,16,20,Afternoon,False,215.0,3.58,Valid
SJ211,SpiceJet,MAA,BOM,MAA → BOM,2026-04-18 16:22:41,2026-04-18 18:34:41,16,18,Afternoon,False,132.0,2.2,Valid
6F055,IndiGo,DEL,CCU,DEL → CCU,2026-04-18 16:21:41,2026-04-18 18:49:41,16,18,Afternoon,False,148.0,2.47,Valid
AI253,Air India,BLR,BOM,BLR → BOM,2026-04-18 16:13:41,2026-04-18 19:51:41,16,19,Afternoon,False,218.0,3.63,Valid
UK060,Vistara,BLR,CCU,BLR → CCU,2026-04-18 16:09:41,2026-04-18 19:42:41,16,19,Afternoon,False,213.0,3.55,Valid
6F257,IndiGo,MAA,CCU,MAA → CCU,2026-04-18 16:04:41,2026-04-18 19:55:41,16,19,Afternoon,False,231.0,3.85,Valid
SJ135,SpiceJet,MAA,CCU,MAA → CCU,2026-04-18 16:03:41,2026-04-18 19:48:41,16,19,Afternoon,False,225.0,3.75,Valid
AI247,Air India,BOM,CCU,BOM → CCU,2026-04-18 15:58:41,2026-04-18 19:02:41,15,19,Afternoon,False,184.0,3.07,Valid
UK127,Vistara,BOM,HYD,BOM → HYD,2026-04-18 15:56:41,2026-04-18 20:00:41,15,20,Afternoon,False,244.0,4.07,Valid
AI109,Air India,BLR,BOM,BLR → BOM,2026-04-18 15:53:41,2026-04-18 20:14:41,15,20,Afternoon,False,261.0,4.35,Valid
AI057,Air India,BOM,CCU,BOM → CCU,2026-04-18 15:53:41,2026-04-18 19:22:41,15,19,Afternoon,False,209.0,3.48,Valid
6F103,IndiGo,CCU,MAA,CCU → MAA,2026-04-18 15:37:41,2026-04-18 18:32:41,15,18,Afternoon,False,175.0,2.92,Valid
SJ144,SpiceJet,BLR,BOM,BLR → BOM,2026-04-18 15:35:41,2026-04-18 19:12:41,15,19,Afternoon,False,217.0,3.62,Valid
6F076,IndiGo,CCU,HYD,CCU → HYD,2026-04-18 15:35:41,2026-04-18 16:20:41,15,16,Afternoon,False,45.0,0.75,Valid
6F240,IndiGo,DEL,HYD,DEL → HYD,2026-04-18 15:31:41,2026-04-18 19:56:41,15,19,Afternoon,False,265.0,4.42,Valid
UK057,Vistara,CCU,DEL,CCU → DEL,2026-04-18 15:25:41,2026-04-18 20:04:41,15,20,Afternoon,False,279.0,4.65,Valid
AI201,Air India,BLR,CCU,BLR → CCU,2026-04-18 15:19:41,2026-04-18 16:40:41,15,16,Afternoon,False,81.0,1.35,Valid
SJ242,SpiceJet,BLR,HYD,BLR → HYD,2026-04-18 14:55:41,2026-04-18 17:42:41,14,17,Afternoon,False,167.0,2.78,Valid
6F037,IndiGo,BOM,MAA,BOM → MAA,2026-04-18 14:51:41,2026-04-18 17:23:41,14,17,Afternoon,False,152.0,2.53,Valid
SJ132,SpiceJet,MAA,DEL,MAA → DEL,2026-04-18 14:44:41,2026-04-18 15:36:41,14,15,Afternoon,False,52.0,0.87,Valid
AI055,Air India,CCU,BOM,CCU → BOM,2026-04-18 14:39:41,2026-04-18 16:18:41,14,16,Afternoon,False,99.0,1.65,Valid
6F252,IndiGo,MAA,BLR,MAA → BLR,2026-04-18 14:25:41,2026-04-18 18:52:41,14,18,Afternoon,False,267.0,4.45,Valid
AI183,Air India,DEL,CCU,DEL → CCU,2026-04-18 14:24:41,2026-04-18 16:06:41,14,16,Afternoon,False,102.0,1.7,Valid
SJ125,SpiceJet,DEL,BLR,DEL → BLR,2026-04-18 14:21:41,2026-04-18 16:55:41,14,16,Afternoon,False,154.0,2.57,Valid
SJ087,SpiceJet,BOM,DEL,BOM → DEL,2026-04-18 14:20:41,2026-04-18 19:09:41,14,19,Afternoon,False,289.0,4.82,Valid
UK182,Vistara,HYD,CCU,HYD → CCU,2026-04-18 14:19:41,2026-04-18 18:25:41,14,18,Afternoon,False,246.0,4.1,Valid
AI016,Air India,BOM,CCU,BOM → CCU,2026-04-18 14:15:41,2026-04-18 18:38:41,14,18,Afternoon,False,263.0,4.38,Valid
6F107,IndiGo,CCU,BLR,CCU → BLR,2026-04-18 14:14:41,2026-04-18 17:14:42,14,17,Afternoon,False,180.02,3.0,Valid
AI026,Air India,DEL,BOM,DEL → BOM,2026-04-18 14:14:41,2026-04-18 15:13:41,14,15,Afternoon,False,59.0,0.98,Valid
AI177,Air India,CCU,HYD,CCU → HYD,2026-04-18 14:11:41,2026-04-18 16:26:41,14,16,Afternoon,False,135.0,2.25,Valid
AI041,Air India,BOM,BLR,BOM → BLR,2026-04-18 14:08:41,2026-04-18 15:59:41,14,15,Afternoon,False,111.0,1.85,Valid
6F264,IndiGo,DEL,HYD,DEL → HYD,2026-04-18 14:03:41,2026-04-18 18:23:41,14,18,Afternoon,False,260.0,4.33,Valid
6F222,IndiGo,HYD,MAA,HYD → MAA,2026-04-18 14:01:41,2026-04-18 16:11:41,14,16,Afternoon,False,130.0,2.17,Valid
AI004,Air India,HYD,MAA,HYD → MAA,2026-04-18 13:58:41,2026-04-18 18:12:41,13,18,Afternoon,False,254.0,4.23,Valid
SJ126,SpiceJet,DEL,BLR,DEL → BLR,2026-04-18 13:47:41,2026-04-18 16:31:41,13,16,Afternoon,False,164.0,2.73,Valid
SJ220,SpiceJet,BOM,CCU,BOM → CCU,2026-04-18 13:45:41,2026-04-18 15:21:41,13,15,Afternoon,False,96.0,1.6,Valid
AI204,Air India,CCU,MAA,CCU → MAA,2026-04-18 13:40:41,2026-04-18 18:38:41,13,18,Afternoon,False,298.0,4.97,Valid
UK098,Vistara,CCU,DEL,CCU → DEL,2026-04-18 13:38:41,2026-04-18 17:54:41,13,17,Afternoon,False,256.0,4.27,Valid
AI090,Air India,MAA,CCU,MAA → CCU,2026-04-18 13:37:41,2026-04-18 16:11:41,13,16,Afternoon,False,154.0,2.57,Valid
AI092,Air India,CCU,BOM,CCU → BOM,2026-04-18 13:36:41,2026-04-18 16:20:41,13,16,Afternoon,False,164.0,2.73,Valid
AI049,Air India,CCU,MAA,CCU → MAA,2026-04-18 13:35:41,2026-04-18 15:48:41,13,15,Afternoon,False,133.0,2.22,Valid
UK117,Vistara,BLR,BOM,BLR → BOM,2026-04-18 13:17:41,2026-04-18 16:54:41,13,16,Afternoon,False,217.0,3.62,Valid
6F227,IndiGo,MAA,BOM,MAA → BOM,2026-04-18 13:16:41,2026-04-18 17:41:41,13,17,Afternoon,False,265.0,4.42,Valid
AI228,Air India,BLR,BOM,BLR → BOM,2026-04-18 13:16:41,2026-04-18 17:44:41,13,17,Afternoon,False,268.0,4.47,Valid
SJ164,SpiceJet,CCU,MAA,CCU → MAA,2026-04-18 13:14:41,2026-04-18 15:14:42,13,15,Afternoon,False,120.02,2.0,Valid
AI018,Air India,BOM,CCU,BOM → CCU,2026-04-18 13:12:41,2026-04-18 18:04:41,13,18,Afternoon,False,292.0,4.87,Valid
UK192,Vistara,HYD,DEL,HYD → DEL,2026-04-18 12:54:41,2026-04-18 13:54:42,12,13,Afternoon,False,60.02,1.0,Valid
SJ224,SpiceJet,DEL,MAA,DEL → MAA,2026-04-18 12:41:41,2026-04-18 15:33:41,12,15,Afternoon,False,172.0,2.87,Valid
UK050,Vistara,BOM,DEL,BOM → DEL,2026-04-18 12:39:41,2026-04-18 13:18:41,12,13,Afternoon,False,39.0,0.65,Valid
SJ159,SpiceJet,CCU,DEL,CCU → DEL,2026-04-18 12:22:41,2026-04-18 14:05:41,12,14,Afternoon,False,103.0,1.72,Valid
UK038,Vistara,MAA,CCU,MAA → CCU,2026-04-18 12:22:41,2026-04-18 15:31:41,12,15,Afternoon,False,189.0,3.15,Valid
6F192,IndiGo,CCU,BLR,CCU → BLR,2026-04-18 12:20:41,2026-04-18 16:45:41,12,16,Afternoon,False,265.0,4.42,Valid
6F173,IndiGo,BOM,CCU,BOM → CCU,2026-04-18 12:19:41,2026-04-18 13:08:41,12,13,Afternoon,False,49.0,0.82,Valid
AI185,Air India,CCU,BOM,CCU → BOM,2026-04-18 12:16:41,2026-04-18 16:18:41,12,16,Afternoon,False,242.0,4.03,Valid
SJ152,SpiceJet,BOM,DEL,BOM → DEL,2026-04-18 12:09:41,2026-04-18 13:50:41,12,13,Afternoon,False,101.0,1.68,Valid
AI215,Air India,BLR,DEL,BLR → DEL,2026-04-18 12:07:41,2026-04-18 13:43:41,12,13,Afternoon,False,96.0,1.6,Valid
AI074,Air India,CCU,BOM,CCU → BOM,2026-04-18 12:03:41,2026-04-18 12:50:41,12,12,Afternoon,False,47.0,0.78,Valid
6F109,IndiGo,BLR,BOM,BLR → BOM,2026-04-18 12:00:41,2026-04-18 12:51:41,12,12,Afternoon,False,51.0,0.85,Valid
6F144,IndiGo,HYD,BOM,HYD → BOM,2026-04-18 11:56:41,2026-04-18 15:11:41,11,15,Morning,False,195.0,3.25,Valid
6F210,IndiGo,HYD,DEL,HYD → DEL,2026-04-18 11:51:41,2026-04-18 15:58:41,11,15,Morning,False,247.0,4.12,Valid
SJ111,SpiceJet,DEL,MAA,DEL → MAA,2026-04-18 11:47:41,2026-04-18 12:59:41,11,12,Morning,False,72.0,1.2,Valid
UK092,Vistara,MAA,BLR,MAA → BLR,2026-04-18 11:42:41,2026-04-18 13:17:41,11,13,Morning,False,95.0,1.58,Valid
UK009,Vistara,BOM,DEL,BOM → DEL,2026-04-18 11:34:41,2026-04-18 13:41:41,11,13,Morning,False,127.0,2.12,Valid
AI170,Air India,HYD,DEL,HYD → DEL,2026-04-18 11:27:41,2026-04-18 15:50:41,11,15,Morning,False,263.0,4.38,Valid
6F154,IndiGo,CCU,DEL,CCU → DEL,2026-04-18 11:26:41,2026-04-18 12:23:41,11,12,Morning,False,57.0,0.95,Valid
6F161,IndiGo,MAA,DEL,MAA → DEL,2026-04-18 11:24:41,2026-04-18 12:21:41,11,12,Morning,False,57.0,0.95,Valid
UK128,Vistara,BOM,CCU,BOM → CCU,2026-04-18 11:22:41,2026-04-18 14:11:41,11,14,Morning,False,169.0,2.82,Valid
AI186,Air India,DEL,BOM,DEL → BOM,2026-04-18 11:11:41,2026-04-18 13:05:41,11,13,Morning,False,114.0,1.9,Valid
AI099,Air India,BLR,BOM,BLR → BOM,2026-04-18 11:07:41,2026-04-18 13:29:41,11,13,Morning,False,142.0,2.37,Valid
6F203,IndiGo,BLR,HYD,BLR → HYD,2026-04-18 11:05:41,2026-04-18 12:56:41,11,12,Morning,False,111.0,1.85,Valid
UK139,Vistara,BLR,MAA,BLR → MAA,2026-04-18 10:54:41,2026-04-18 14:31:41,10,14,Morning,False,217.0,3.62,Valid
SJ008,SpiceJet,HYD,BLR,HYD → BLR,2026-04-18 10:53:41,2026-04-18 15:48:41,10,15,Morning,False,295.0,4.92,Valid
AI171,Air India,MAA,BLR,MAA → BLR,2026-04-18 10:51:41,2026-04-18 13:34:41,10,13,Morning,False,163.0,2.72,Valid
6F124,IndiGo,BLR,BOM,BLR → BOM,2026-04-18 10:47:41,2026-04-18 15:21:41,10,15,Morning,False,274.0,4.57,Valid
6F137,IndiGo,CCU,DEL,CCU → DEL,2026-04-18 10:45:41,2026-04-18 15:01:41,10,15,Morning,False,256.0,4.27,Valid
AI008,Air India,BOM,CCU,BOM → CCU,2026-04-18 10:43:41,2026-04-18 12:43:42,10,12,Morning,False,120.02,2.0,Valid
SJ140,SpiceJet,HYD,DEL,HYD → DEL,2026-04-18 10:42:41,2026-04-18 14:30:41,10,14,Morning,False,228.0,3.8,Valid
UK016,Vistara,DEL,CCU,DEL → CCU,2026-04-18 10:42:41,2026-04-18 11:22:41,10,11,Morning,False,40.0,0.67,Valid
AI127,Air India,DEL,HYD,DEL → HYD,2026-04-18 10:37:41,2026-04-18 13:45:41,10,13,Morning,False,188.0,3.13,Valid
SJ096,SpiceJet,DEL,HYD,DEL → HYD,2026-04-18 10:29:41,2026-04-18 13:45:41,10,13,Morning,False,196.0,3.27,Valid
6F048,IndiGo,HYD,DEL,HYD → DEL,2026-04-18 10:27:41,2026-04-18 11:18:41,10,11,Morning,False,51.0,0.85,Valid
SJ090,SpiceJet,HYD,MAA,HYD → MAA,2026-04-18 10:24:41,2026-04-18 13:11:41,10,13,Morning,False,167.0,2.78,Valid
AI014,Air India,HYD,MAA,HYD → MAA,2026-04-18 10:24:41,2026-04-18 13:51:41,10,13,Morning,False,207.0,3.45,Valid
6F131,IndiGo,BLR,HYD,BLR → HYD,2026-04-18 10:22:41,2026-04-18 14:20:41,10,14,Morning,False,238.0,3.97,Valid
AI130,Air India,BOM,BLR,BOM → BLR,2026-04-18 10:18:41,2026-04-18 12:59:41,10,12,Morning,False,161.0,2.68,Valid
UK151,Vistara,BOM,CCU,BOM → CCU,2026-04-18 10:11:41,2026-04-18 13:30:41,10,13,Morning,False,199.0,3.32,Valid
6F165,IndiGo,BLR,BOM,BLR → BOM,2026-04-18 10:11:41,2026-04-18 11:09:41,10,11,Morning,False,58.0,0.97,Valid
UK161,Vistara,BLR,BOM,BLR → BOM,2026-04-18 10:05:41,2026-04-18 12:48:41,10,12,Morning,False,163.0,2.72,Valid
AI107,Air India,HYD,CCU,HYD → CCU,2026-04-18 10:03:41,2026-04-18 10:49:41,10,10,Morning,False,46.0,0.77,Valid
SJ104,SpiceJet,HYD,DEL,HYD → DEL,2026-04-18 10:00:41,2026-04-18 11:00:42,10,11,Morning,False,60.02,1.0,Valid
AI042,Air India,CCU,DEL,CCU → DEL,2026-04-18 09:53:41,2026-04-18 10:57:41,9,10,Morning,False,64.0,1.07,Valid
6F266,IndiGo,CCU,MAA,CCU → MAA,2026-04-18 09:49:41,2026-04-18 11:17:41,9,11,Morning,False,88.0,1.47,Valid
6F138,IndiGo,HYD,BLR,HYD → BLR,2026-04-18 09:49:41,2026-04-18 12:53:41,9,12,Morning,False,184.0,3.07,Valid
SJ219,SpiceJet,BOM,DEL,BOM → DEL,2026-04-18 09:32:41,2026-04-18 14:09:41,9,14,Morning,False,277.0,4.62,Valid
UK197,Vistara,BLR,HYD,BLR → HYD,2026-04-18 09:22:41,2026-04-18 10:54:41,9,10,Morning,False,92.0,1.53,Valid
6F119,IndiGo,DEL,BOM,DEL → BOM,2026-04-18 09:19:41,2026-04-18 11:33:41,9,11,Morning,False,134.0,2.23,Valid
SJ058,SpiceJet,DEL,HYD,DEL → HYD,2026-04-18 08:58:41,2026-04-18 13:14:41,8,13,Morning,False,256.0,4.27,Valid
AI218,Air India,BOM,CCU,BOM → CCU,2026-04-18 08:55:41,2026-04-18 11:55:41,8,11,Morning,False,180.0,3.0,Valid
SJ060,SpiceJet,HYD,CCU,HYD → CCU,2026-04-18 08:51:41,2026-04-18 13:46:41,8,13,Morning,False,295.0,4.92,Valid
UK121,Vistara,BLR,BOM,BLR → BOM,2026-04-18 08:36:41,2026-04-18 12:36:41,8,12,Morning,False,240.0,4.0,Valid
6F208,IndiGo,CCU,BOM,CCU → BOM,2026-04-18 08:27:41,2026-04-18 11:34:41,8,11,Morning,False,187.0,3.12,Valid
6F153,IndiGo,CCU,BLR,CCU → BLR,2026-04-18 08:23:41,2026-04-18 12:20:41,8,12,Morning,False,237.0,3.95,Valid
AI117,Air India,HYD,BLR,HYD → BLR,2026-04-18 08:18:41,2026-04-18 10:09:41,8,10,Morning,False,111.0,1.85,Valid
SJ113,SpiceJet,BLR,BOM,BLR → BOM,2026-04-18 08:10:41,2026-04-18 10:10:42,8,10,Morning,False,120.02,2.0,Valid
AI191,Air India,BLR,MAA,BLR → MAA,2026-04-18 07:57:41,2026-04-18 11:58:41,7,11,Morning,False,241.0,4.02,Valid
6F267,IndiGo,DEL,MAA,DEL → MAA,2026-04-18 07:56:41,2026-04-18 11:49:41,7,11,Morning,False,233.0,3.88,Valid
6F185,IndiGo,CCU,DEL,CCU → DEL,2026-04-18 07:49:41,2026-04-18 10:08:41,7,10,Morning,False,139.0,2.32,Valid
AI114,Air India,CCU,DEL,CCU → DEL,2026-04-18 07:48:41,2026-04-18 09:03:41,7,9,Morning,False,75.0,1.25,Valid
6F155,IndiGo,DEL,BLR,DEL → BLR,2026-04-18 07:47:41,2026-04-18 08:20:41,7,8,Morning,False,33.0,0.55,Valid
UK045,Vistara,MAA,HYD,MAA → HYD,2026-04-18 07:43:41,2026-04-18 09:28:41,7,9,Morning,False,105.0,1.75,Valid
AI111,Air India,MAA,CCU,MAA → CCU,2026-04-18 07:40:41,2026-04-18 10:39:41,7,10,Morning,False,179.0,2.98,Valid
AI156,Air India,CCU,BOM,CCU → BOM,2026-04-18 07:39:41,2026-04-18 09:22:41,7,9,Morning,False,103.0,1.72,Valid
SJ128,SpiceJet,CCU,BLR,CCU → BLR,2026-04-18 07:39:41,2026-04-18 10:42:41,7,10,Morning,False,183.0,3.05,Valid
AI104,Air India,MAA,HYD,MAA → HYD,2026-04-18 07:35:41,2026-04-18 09:20:41,7,9,Morning,False,105.0,1.75,Valid
6F225,IndiGo,HYD,CCU,HYD → CCU,2026-04-18 07:33:41,2026-04-18 12:12:41,7,12,Morning,False,279.0,4.65,Valid
6F033,IndiGo,DEL,HYD,DEL → HYD,2026-04-18 07:08:41,2026-04-18 09:08:41,7,9,Morning,False,120.0,2.0,Valid
6F244,IndiGo,MAA,CCU,MAA → CCU,2026-04-18 07:07:41,2026-04-18 08:31:41,7,8,Morning,False,84.0,1.4,Valid
UK137,Vistara,BOM,MAA,BOM → MAA,2026-04-18 07:04:41,2026-04-18 09:14:41,7,9,Morning,False,130.0,2.17,Valid
AI063,Air India,HYD,BLR,HYD → BLR,2026-04-18 07:03:41,2026-04-18 11:26:41,7,11,Morning,False,263.0,4.38,Valid
SJ156,SpiceJet,BOM,DEL,BOM → DEL,2026-04-18 06:59:41,2026-04-18 07:34:41,6,7,Morning,False,35.0,0.58,Valid
UK125,Vistara,HYD,BOM,HYD → BOM,2026-04-18 06:58:41,2026-04-18 11:44:41,6,11,Morning,False,286.0,4.77,Valid
AI232,Air India,DEL,BLR,DEL → BLR,2026-04-18 06:43:41,2026-04-18 10:13:41,6,10,Morning,False,210.0,3.5,Valid
AI167,Air India,BLR,DEL,BLR → DEL,2026-04-18 06:43:41,2026-04-18 11:10:41,6,11,Morning,False,267.0,4.45,Valid
UK160,Vistara,BLR,BOM,BLR → BOM,2026-04-18 06:42:41,2026-04-18 10:58:41,6,10,Morning,False,256.0,4.27,Valid
UK129,Vistara,HYD,MAA,HYD → MAA,2026-04-18 06:29:41,2026-04-18 07:29:42,6,7,Morning,False,60.02,1.0,Valid
SJ230,SpiceJet,BOM,CCU,BOM → CCU,2026-04-18 06:22:41,2026-04-18 10:57:41,6,10,Morning,False,275.0,4.58,Valid
SJ056,SpiceJet,HYD,DEL,HYD → DEL,2026-04-18 06:11:41,2026-04-18 07:10:41,6,7,Morning,False,59.0,0.98,Valid
SJ137,SpiceJet,CCU,DEL,CCU → DEL,2026-04-18 06:08:41,2026-04-18 10:14:41,6,10,Morning,False,246.0,4.1,Valid
6F081,IndiGo,MAA,BLR,MAA → BLR,2026-04-18 06:04:41,2026-04-18 07:43:41,6,7,Morning,False,99.0,1.65,Valid
6F088,IndiGo,CCU,BLR,CCU → BLR,2026-04-18 05:51:41,2026-04-18 08:22:41,5,8,Night,False,151.0,2.52,Valid
6F121,IndiGo,HYD,MAA,HYD → MAA,2026-04-18 05:44:41,2026-04-18 10:42:41,5,10,Night,False,298.0,4.97,Valid
UK214,Vistara,HYD,DEL,HYD → DEL,2026-04-18 05:30:41,2026-04-18 09:10:41,5,9,Night,False,220.0,3.67,Valid
6F060,IndiGo,DEL,BLR,DEL → BLR,2026-04-18 05:29:41,2026-04-18 07:29:42,5,7,Night,False,120.02,2.0,Valid
SJ101,SpiceJet,CCU,DEL,CCU → DEL,2026-04-18 05:17:41,2026-04-18 06:57:41,5,6,Night,False,100.0,1.67,Valid
AI017,Air India,CCU,BOM,CCU → BOM,2026-04-18 05:15:41,2026-04-18 08:48:41,5,8,Night,False,213.0,3.55,Valid
6F120,IndiGo,BLR,BOM,BLR → BOM,2026-04-18 05:14:41,2026-04-18 06:14:41,5,6,Night,False,60.0,1.0,Valid
6F217,IndiGo,BLR,BOM,BLR → BOM,2026-04-18 05:13:41,2026-04-18 08:01:41,5,8,Night,False,168.0,2.8,Valid
AI194,Air India,MAA,BLR,MAA → BLR,2026-04-18 05:09:41,2026-04-18 09:38:41,5,9,Night,False,269.0,4.48,Valid
AI095,Air India,DEL,MAA,DEL → MAA,2026-04-18 05:00:41,2026-04-18 08:18:41,5,8,Night,False,198.0,3.3,Valid
SJ190,SpiceJet,BOM,CCU,BOM → CCU,2026-04-18 04:57:41,2026-04-18 09:25:41,4,9,Night,False,268.0,4.47,Valid
6F139,IndiGo,HYD,MAA,HYD → MAA,2026-04-18 04:55:41,2026-04-18 08:17:41,4,8,Night,False,202.0,3.37,Valid
6F062,IndiGo,CCU,DEL,CCU → DEL,2026-04-18 04:55:41,2026-04-18 06:22:41,4,6,Night,False,87.0,1.45,Valid
UK011,Vistara,CCU,DEL,CCU → DEL,2026-04-18 04:41:41,2026-04-18 06:25:41,4,6,Night,False,104.0,1.73,Valid
6F100,IndiGo,BOM,BLR,BOM → BLR,2026-04-18 04:40:41,2026-04-18 07:49:41,4,7,Night,False,189.0,3.15,Valid
6F228,IndiGo,HYD,MAA,HYD → MAA,2026-04-18 04:36:41,2026-04-18 09:27:41,4,9,Night,False,291.0,4.85,Valid
UK033,Vistara,HYD,DEL,HYD → DEL,2026-04-18 04:34:41,2026-04-18 09:18:41,4,9,Night,False,284.0,4.73,Valid
SJ231,SpiceJet,DEL,BLR,DEL → BLR,2026-04-18 04:23:41,2026-04-18 05:48:41,4,5,Night,False,85.0,1.42,Valid
AI166,Air India,BOM,CCU,BOM → CCU,2026-04-18 04:20:41,2026-04-18 07:23:41,4,7,Night,False,183.0,3.05,Valid
SJ176,SpiceJet,DEL,BOM,DEL → BOM,2026-04-18 04:15:41,2026-04-18 06:17:41,4,6,Night,False,122.0,2.03,Valid
SJ065,SpiceJet,MAA,BLR,MAA → BLR,2026-04-18 04:10:41,2026-04-18 06:54:41,4,6,Night,False,164.0,2.73,Valid
6F160,IndiGo,MAA,BLR,MAA → BLR,2026-04-18 04:09:41,2026-04-18 08:26:41,4,8,Night,False,257.0,4.28,Valid
AI089,Air India,CCU,BOM,CCU → BOM,2026-04-18 04:05:41,2026-04-18 04:47:41,4,4,Night,False,42.0,0.7,Valid
UK226,Vistara,MAA,HYD,MAA → HYD,2026-04-18 03:58:41,2026-04-18 05:01:41,3,5,Night,False,63.0,1.05,Valid
SJ123,SpiceJet,BOM,CCU,BOM → CCU,2026-04-18 03:57:41,2026-04-18 05:25:41,3,5,Night,False,88.0,1.47,Valid
AI054,Air India,HYD,CCU,HYD → CCU,2026-04-18 03:44:41,2026-04-18 08:10:41,3,8,Night,False,266.0,4.43,Valid
UK019,Vistara,BOM,HYD,BOM → HYD,2026-04-18 03:41:41,2026-04-18 04:35:41,3,4,Night,False,54.0,0.9,Valid
UK032,Vistara,BLR,BOM,BLR → BOM,2026-04-18 03:31:41,2026-04-18 07:28:41,3,7,Night,False,237.0,3.95,Valid
SJ100,SpiceJet,MAA,BLR,MAA → BLR,2026-04-18 03:28:41,2026-04-18 06:50:41,3,6,Night,False,202.0,3.37,Valid
SJ094,SpiceJet,MAA,HYD,MAA → HYD,2026-04-18 03:23:41,2026-04-18 08:07:41,3,8,Night,False,284.0,4.73,Valid
6F101,IndiGo,BOM,MAA,BOM → MAA,2026-04-18 03:18:41,2026-04-18 08:15:41,3,8,Night,False,297.0,4.95,Valid
6F006,IndiGo,BOM,BLR,BOM → BLR,2026-04-18 03:06:41,2026-04-18 05:06:42,3,5,Night,False,120.02,2.0,Valid
AI006,Air India,BOM,BLR,BOM → BLR,2026-04-18 03:04:41,2026-04-18 05:54:41,3,5,Night,False,170.0,2.83,Valid
AI195,Air India,CCU,MAA,CCU → MAA,2026-04-18 02:58:41,2026-04-18 04:57:41,2,4,Night,False,119.0,1.98,Valid
UK072,Vistara,BOM,BLR,BOM → BLR,2026-04-18 02:55:41,2026-04-18 05:55:42,2,5,Night,False,180.02,3.0,Valid
AI244,Air India,BLR,BOM,BLR → BOM,2026-04-18 02:50:41,2026-04-18 03:25:41,2,3,Night,False,35.0,0.58,Valid
SJ059,SpiceJet,CCU,DEL,CCU → DEL,2026-04-18 02:50:41,2026-04-18 04:06:41,2,4,Night,False,76.0,1.27,Valid
SJ009,SpiceJet,CCU,BLR,CCU → BLR,2026-04-18 02:48:41,2026-04-18 04:23:41,2,4,Night,False,95.0,1.58,Valid
AI121,Air India,HYD,MAA,HYD → MAA,2026-04-18 02:42:41,2026-04-18 06:11:41,2,6,Night,False,209.0,3.48,Valid
6F265,IndiGo,DEL,HYD,DEL → HYD,2026-04-18 02:27:41,2026-04-18 03:24:41,2,3,Night,False,57.0,0.95,Valid
6F110,IndiGo,HYD,DEL,HYD → DEL,2026-04-18 02:27:41,2026-04-18 05:48:41,2,5,Night,False,201.0,3.35,Valid
UK018,Vistara,BOM,CCU,BOM → CCU,2026-04-18 02:15:41,2026-04-18 04:08:41,2,4,Night,False,113.0,1.88,Valid
6F072,IndiGo,BLR,CCU,BLR → CCU,2026-04-18 02:14:41,2026-04-18 03:11:41,2,3,Night,False,57.0,0.95,Valid
6F159,IndiGo,CCU,BOM,CCU → BOM,2026-04-18 02:08:41,2026-04-18 02:43:41,2,2,Night,False,35.0,0.58,Valid
6F095,IndiGo,BLR,MAA,BLR → MAA,2026-04-18 01:53:41,2026-04-18 05:34:41,1,5,Night,False,221.0,3.68,Valid
SJ129,SpiceJet,CCU,BOM,CCU → BOM,2026-04-18 01:48:41,2026-04-18 05:48:41,1,5,Night,False,240.0,4.0,Valid
UK039,Vistara,HYD,BOM,HYD → BOM,2026-04-18 01:40:41,2026-04-18 02:53:41,1,2,Night,False,73.0,1.22,Valid
6F130,IndiGo,DEL,HYD,DEL → HYD,2026-04-18 01:27:41,2026-04-18 02:45:41,1,2,Night,False,78.0,1.3,Valid
6F247,IndiGo,DEL,HYD,DEL → HYD,2026-04-18 01:27:41,2026-04-18 02:45:41,1,2,Night,False,78.0,1.3,Valid
SJ233,SpiceJet,DEL,HYD,DEL → HYD,2026-04-18 01:18:41,2026-04-18 02:56:41,1,2,Night,False,98.0,1.63,Valid
6F231,IndiGo,HYD,MAA,HYD → MAA,2026-04-18 01:16:41,2026-04-18 05:43:41,1,5,Night,False,267.0,4.45,Valid
AI125,Air India,CCU,DEL,CCU → DEL,2026-04-18 01:12:41,2026-04-18 04:51:41,1,4,Night,False,219.0,3.65,Valid
6F102,IndiGo,HYD,MAA,HYD → MAA,2026-04-18 01:10:41,2026-04-18 02:24:41,1,2,Night,False,74.0,1.23,Valid
UK078,Vistara,BOM,HYD,BOM → HYD,2026-04-18 01:03:41,2026-04-18 04:32:41,1,4,Night,False,209.0,3.48,Valid
UK043,Vistara,DEL,HYD,DEL → HYD,2026-04-18 00:48:41,2026-04-18 04:52:41,0,4,Night,False,244.0,4.07,Valid
AI144,Air India,MAA,BOM,MAA → BOM,2026-04-18 00:43:41,2026-04-18 03:36:41,0,3,Night,False,173.0,2.88,Valid
UK054,Vistara,BLR,BOM,BLR → BOM,2026-04-18 00:37:41,2026-04-18 05:30:41,0,5,Night,False,293.0,4.88,Valid
UK108,Vistara,DEL,BLR,DEL → BLR,2026-04-18 00:28:41,2026-04-18 03:46:41,0,3,Night,False,198.0,3.3,Valid
6F008,IndiGo,DEL,BOM,DEL → BOM,2026-04-18 00:14:41,2026-04-18 04:59:41,0,4,Night,False,285.0,4.75,Valid
6F106,IndiGo,BOM,CCU,BOM → CCU,2026-04-18 00:10:41,2026-04-18 01:52:41,0,1,Night,False,102.0,1.7,Valid
AI203,Air India,BOM,CCU,BOM → CCU,2026-04-18 00:09:41,2026-04-18 02:56:41,0,2,Night,False,167.0,2.78,Valid
AI065,Air India,MAA,BLR,MAA → BLR,2026-04-18 00:09:41,2026-04-18 05:00:41,0,5,Night,False,291.0,4.85,Valid
UK053,Vistara,BLR,BOM,BLR → BOM,2026-04-17 23:56:41,2026-04-18 02:46:41,23,2,Evening,True,170.0,2.83,Valid
UK086,Vistara,CCU,BLR,CCU → BLR,2026-04-17 23:55:41,2026-04-18 02:27:41,23,2,Evening,True,152.0,2.53,Valid
SJ223,SpiceJet,HYD,MAA,HYD → MAA,2026-04-17 23:54:41,2026-04-18 01:08:41,23,1,Evening,True,74.0,1.23,Valid
6F069,IndiGo,MAA,BLR,MAA → BLR,2026-04-17 23:44:41,2026-04-18 03:17:41,23,3,Evening,True,213.0,3.55,Valid
6F032,IndiGo,DEL,BOM,DEL → BOM,2026-04-17 23:43:41,2026-04-18 02:22:41,23,2,Evening,True,159.0,2.65,Valid
UK178,Vistara,DEL,BLR,DEL → BLR,2026-04-17 23:41:41,2026-04-18 04:09:41,23,4,Evening,True,268.0,4.47,Valid
6F108,IndiGo,DEL,HYD,DEL → HYD,2026-04-17 23:41:41,2026-04-18 03:23:41,23,3,Evening,True,222.0,3.7,Valid
UK147,Vistara,CCU,DEL,CCU → DEL,2026-04-17 23:35:41,2026-04-18 02:55:41,23,2,Evening,True,200.0,3.33,Valid
AI187,Air India,BLR,HYD,BLR → HYD,2026-04-17 23:32:41,2026-04-18 01:16:41,23,1,Evening,True,104.0,1.73,Valid
UK213,Vistara,BOM,CCU,BOM → CCU,2026-04-17 23:21:41,2026-04-18 01:01:41,23,1,Evening,True,100.0,1.67,Valid
AI035,Air India,DEL,MAA,DEL → MAA,2026-04-17 23:17:41,2026-04-18 00:48:41,23,0,Evening,True,91.0,1.52,Valid
UK186,Vistara,BOM,BLR,BOM → BLR,2026-04-17 23:05:41,2026-04-18 02:22:41,23,2,Evening,True,197.0,3.28,Valid
6F045,IndiGo,BOM,HYD,BOM → HYD,2026-04-17 23:04:41,2026-04-18 03:38:41,23,3,Evening,True,274.0,4.57,Valid
UK025,Vistara,DEL,BOM,DEL → BOM,2026-04-17 22:55:41,2026-04-18 02:47:41,22,2,Evening,True,232.0,3.87,Valid
UK162,Vistara,BOM,CCU,BOM → CCU,2026-04-17 22:47:41,2026-04-18 00:21:41,22,0,Evening,True,94.0,1.57,Valid
AI157,Air India,BLR,CCU,BLR → CCU,2026-04-17 22:45:41,2026-04-18 01:33:41,22,1,Evening,True,168.0,2.8,Valid
6F096,IndiGo,MAA,BLR,MAA → BLR,2026-04-17 22:45:41,2026-04-18 02:58:41,22,2,Evening,True,253.0,4.22,Valid
SJ229,SpiceJet,CCU,DEL,CCU → DEL,2026-04-17 22:25:41,2026-04-18 00:27:41,22,0,Evening,True,122.0,2.03,Valid
AI214,Air India,CCU,DEL,CCU → DEL,2026-04-17 22:23:41,2026-04-18 02:49:41,22,2,Evening,True,266.0,4.43,Valid
6F205,IndiGo,HYD,BOM,HYD → BOM,2026-04-17 22:16:41,2026-04-18 00:02:41,22,0,Evening,True,106.0,1.77,Valid
SJ157,SpiceJet,DEL,HYD,DEL → HYD,2026-04-17 22:11:41,2026-04-18 01:05:41,22,1,Evening,True,174.0,2.9,Valid
UK114,Vistara,HYD,CCU,HYD → CCU,2026-04-17 22:10:41,2026-04-17 23:58:41,22,23,Evening,False,108.0,1.8,Valid
6F054,IndiGo,HYD,BLR,HYD → BLR,2026-04-17 22:00:41,2026-04-18 01:25:41,22,1,Evening,True,205.0,3.42,Valid
6F216,IndiGo,BLR,DEL,BLR → DEL,2026-04-17 21:58:41,2026-04-18 02:51:41,21,2,Evening,True,293.0,4.88,Valid
AI231,Air India,DEL,HYD,DEL → HYD,2026-04-17 21:52:41,2026-04-17 23:51:41,21,23,Evening,False,119.0,1.98,Valid
UK103,Vistara,MAA,DEL,MAA → DEL,2026-04-17 21:52:41,2026-04-18 01:06:41,21,1,Evening,True,194.0,3.23,Valid
AI066,Air India,HYD,MAA,HYD → MAA,2026-04-17 21:51:41,2026-04-18 00:11:41,21,0,Evening,True,140.0,2.33,Valid
6F186,IndiGo,HYD,BOM,HYD → BOM,2026-04-17 21:48:41,2026-04-18 02:02:41,21,2,Evening,True,254.0,4.23,Valid
AI021,Air India,DEL,HYD,DEL → HYD,2026-04-17 21:39:41,2026-04-18 01:38:41,21,1,Evening,True,239.0,3.98,Valid
AI113,Air India,CCU,HYD,CCU → HYD,2026-04-17 21:21:41,2026-04-17 23:51:41,21,23,Evening,False,150.0,2.5,Valid
SJ031,SpiceJet,DEL,BOM,DEL → BOM,2026-04-17 21:20:41,2026-04-17 22:29:41,21,22,Evening,False,69.0,1.15,Valid
UK217,Vistara,MAA,CCU,MAA → CCU,2026-04-17 21:19:41,2026-04-17 22:14:41,21,22,Evening,False,55.0,0.92,Valid
SJ120,SpiceJet,MAA,BLR,MAA → BLR,2026-04-17 21:19:41,2026-04-18 00:56:41,21,0,Evening,True,217.0,3.62,Valid
UK180,Vistara,CCU,MAA,CCU → MAA,2026-04-17 21:18:41,2026-04-17 23:29:41,21,23,Evening,False,131.0,2.18,Valid
6F242,IndiGo,BLR,MAA,BLR → MAA,2026-04-17 21:10:41,2026-04-18 01:04:41,21,1,Evening,True,234.0,3.9,Valid
UK080,Vistara,BLR,MAA,BLR → MAA,2026-04-17 21:09:41,2026-04-17 22:29:41,21,22,Evening,False,80.0,1.33,Valid
SJ124,SpiceJet,HYD,DEL,HYD → DEL,2026-04-17 21:05:41,2026-04-18 01:12:41,21,1,Evening,True,247.0,4.12,Valid
SJ115,SpiceJet,BOM,HYD,BOM → HYD,2026-04-17 21:05:41,2026-04-17 23:10:41,21,23,Evening,False,125.0,2.08,Valid
AI081,Air India,CCU,BOM,CCU → BOM,2026-04-17 21:03:41,2026-04-17 22:51:41,21,22,Evening,False,108.0,1.8,Valid
AI142,Air India,BOM,DEL,BOM → DEL,2026-04-17 20:49:41,2026-04-17 23:03:41,20,23,Evening,False,134.0,2.23,Valid
UK052,Vistara,BLR,CCU,BLR → CCU,2026-04-17 20:48:41,2026-04-17 21:40:41,20,21,Evening,False,52.0,0.87,Valid
UK014,Vistara,HYD,MAA,HYD → MAA,2026-04-17 20:41:41,2026-04-17 22:06:41,20,22,Evening,False,85.0,1.42,Valid
AI230,Air India,CCU,BLR,CCU → BLR,2026-04-17 20:37:41,2026-04-18 00:22:41,20,0,Evening,True,225.0,3.75,Valid
6F268,IndiGo,DEL,MAA,DEL → MAA,2026-04-17 20:29:41,2026-04-17 21:58:41,20,21,Evening,False,89.0,1.48,Valid
AI124,Air India,CCU,HYD,CCU → HYD,2026-04-17 20:28:41,2026-04-18 00:00:41,20,0,Evening,True,212.0,3.53,Valid
6F082,IndiGo,BOM,BLR,BOM → BLR,2026-04-17 20:26:41,2026-04-17 22:26:41,20,22,Evening,False,120.0,2.0,Valid
SJ035,SpiceJet,CCU,DEL,CCU → DEL,2026-04-17 20:15:41,2026-04-17 21:15:42,20,21,Evening,False,60.02,1.0,Valid
SJ095,SpiceJet,DEL,MAA,DEL → MAA,2026-04-17 20:09:41,2026-04-17 23:13:41,20,23,Evening,False,184.0,3.07,Valid
UK230,Vistara,BLR,BOM,BLR → BOM,2026-04-17 20:02:41,2026-04-17 21:35:41,20,21,Evening,False,93.0,1.55,Valid
UK171,Vistara,HYD,CCU,HYD → CCU,2026-04-17 19:59:41,2026-04-17 22:53:41,19,22,Evening,False,174.0,2.9,Valid
6F147,IndiGo,HYD,MAA,HYD → MAA,2026-04-17 19:57:41,2026-04-18 00:31:41,19,0,Evening,True,274.0,4.57,Valid
SJ212,SpiceJet,MAA,BLR,MAA → BLR,2026-04-17 19:49:41,2026-04-17 21:44:41,19,21,Evening,False,115.0,1.92,Valid
6F080,IndiGo,HYD,MAA,HYD → MAA,2026-04-17 19:47:41,2026-04-17 23:13:41,19,23,Evening,False,206.0,3.43,Valid
UK049,Vistara,HYD,BOM,HYD → BOM,2026-04-17 19:47:41,2026-04-17 20:32:41,19,20,Evening,False,45.0,0.75,Valid
AI152,Air India,BLR,CCU,BLR → CCU,2026-04-17 19:21:41,2026-04-17 20:26:41,19,20,Evening,False,65.0,1.08,Valid
AI162,Air India,MAA,DEL,MAA → DEL,2026-04-17 19:20:41,2026-04-17 22:40:41,19,22,Evening,False,200.0,3.33,Valid
SJ037,SpiceJet,BLR,BOM,BLR → BOM,2026-04-17 19:14:41,2026-04-17 22:31:41,19,22,Evening,False,197.0,3.28,Valid
AI172,Air India,BOM,CCU,BOM → CCU,2026-04-17 19:08:41,2026-04-17 19:53:41,19,19,Evening,False,45.0,0.75,Valid
UK205,Vistara,HYD,MAA,HYD → MAA,2026-04-17 18:57:41,2026-04-17 21:46:41,18,21,Evening,False,169.0,2.82,Valid
AI199,Air India,HYD,DEL,HYD → DEL,2026-04-17 18:47:41,2026-04-17 22:26:41,18,22,Evening,False,219.0,3.65,Valid
6F241,IndiGo,DEL,HYD,DEL → HYD,2026-04-17 18:27:41,2026-04-17 19:02:41,18,19,Evening,False,35.0,0.58,Valid
SJ041,SpiceJet,CCU,HYD,CCU → HYD,2026-04-17 18:24:41,2026-04-17 22:59:41,18,22,Evening,False,275.0,4.58,Valid
AI064,Air India,BLR,MAA,BLR → MAA,2026-04-17 18:24:41,2026-04-17 20:07:41,18,20,Evening,False,103.0,1.72,Valid
UK169,Vistara,HYD,DEL,HYD → DEL,2026-04-17 18:12:41,2026-04-17 23:01:41,18,23,Evening,False,289.0,4.82,Valid
UK144,Vistara,BOM,CCU,BOM → CCU,2026-04-17 18:07:41,2026-04-17 20:59:41,18,20,Evening,False,172.0,2.87,Valid
AI118,Air India,HYD,MAA,HYD → MAA,2026-04-17 17:50:41,2026-04-17 19:59:41,17,19,Afternoon,False,129.0,2.15,Valid
SJ145,SpiceJet,BLR,HYD,BLR → HYD,2026-04-17 17:41:41,2026-04-17 20:38:41,17,20,Afternoon,False,177.0,2.95,Valid
SJ077,SpiceJet,BLR,MAA,BLR → MAA,2026-04-17 17:32:41,2026-04-17 19:40:41,17,19,Afternoon,False,128.0,2.13,Valid
AI126,Air India,MAA,HYD,MAA → HYD,2026-04-17 17:26:41,2026-04-17 20:48:41,17,20,Afternoon,False,202.0,3.37,Valid
SJ033,SpiceJet,HYD,DEL,HYD → DEL,2026-04-17 17:26:41,2026-04-17 18:51:41,17,18,Afternoon,False,85.0,1.42,Valid
SJ180,SpiceJet,HYD,CCU,HYD → CCU,2026-04-17 17:12:41,2026-04-17 22:00:41,17,22,Afternoon,False,288.0,4.8,Valid
6F183,IndiGo,MAA,HYD,MAA → HYD,2026-04-17 17:08:41,2026-04-17 19:52:41,17,19,Afternoon,False,164.0,2.73,Valid
AI145,Air India,DEL,BOM,DEL → BOM,2026-04-17 17:06:41,2026-04-17 21:31:41,17,21,Afternoon,False,265.0,4.42,Valid
6F089,IndiGo,DEL,HYD,DEL → HYD,2026-04-17 17:06:41,2026-04-17 19:10:41,17,19,Afternoon,False,124.0,2.07,Valid
6F207,IndiGo,BOM,HYD,BOM → HYD,2026-04-17 16:59:41,2026-04-17 21:00:41,16,21,Afternoon,False,241.0,4.02,Valid
AI229,Air India,HYD,MAA,HYD → MAA,2026-04-17 16:48:41,2026-04-17 18:40:41,16,18,Afternoon,False,112.0,1.87,Valid
6F223,IndiGo,MAA,BLR,MAA → BLR,2026-04-17 16:47:41,2026-04-17 17:21:41,16,17,Afternoon,False,34.0,0.57,Valid
6F116,IndiGo,MAA,CCU,MAA → CCU,2026-04-17 16:43:41,2026-04-17 19:02:41,16,19,Afternoon,False,139.0,2.32,Valid
SJ240,SpiceJet,BOM,HYD,BOM → HYD,2026-04-17 16:42:41,2026-04-17 20:21:41,16,20,Afternoon,False,219.0,3.65,Valid
SJ184,SpiceJet,CCU,DEL,CCU → DEL,2026-04-17 16:32:41,2026-04-17 21:00:41,16,21,Afternoon,False,268.0,4.47,Valid
AI087,Air India,MAA,DEL,MAA → DEL,2026-04-17 16:32:41,2026-04-17 20:30:41,16,20,Afternoon,False,238.0,3.97,Valid
UK148,Vistara,HYD,BOM,HYD → BOM,2026-04-17 16:31:41,2026-04-17 18:43:41,16,18,Afternoon,False,132.0,2.2,Valid
AI210,Air India,BLR,BOM,BLR → BOM,2026-04-17 16:13:41,2026-04-17 18:50:41,16,18,Afternoon,False,157.0,2.62,Valid
6F093,IndiGo,CCU,DEL,CCU → DEL,2026-04-17 16:09:41,2026-04-17 20:00:41,16,20,Afternoon,False,231.0,3.85,Valid
SJ080,SpiceJet,CCU,MAA,CCU → MAA,2026-04-17 16:04:41,2026-04-17 17:59:41,16,17,Afternoon,False,115.0,1.92,Valid
SJ005,SpiceJet,DEL,MAA,DEL → MAA,2026-04-17 16:03:41,2026-04-17 17:24:41,16,17,Afternoon,False,81.0,1.35,Valid
6F040,IndiGo,HYD,CCU,HYD → CCU,2026-04-17 15:52:41,2026-04-17 20:33:41,15,20,Afternoon,False,281.0,4.68,Valid
AI212,Air India,DEL,CCU,DEL → CCU,2026-04-17 15:31:41,2026-04-17 20:13:41,15,20,Afternoon,False,282.0,4.7,Valid
AI154,Air India,HYD,MAA,HYD → MAA,2026-04-17 15:25:41,2026-04-17 19:16:41,15,19,Afternoon,False,231.0,3.85,Valid
6F239,IndiGo,CCU,BOM,CCU → BOM,2026-04-17 15:24:41,2026-04-17 17:37:41,15,17,Afternoon,False,133.0,2.22,Valid
UK199,Vistara,BOM,CCU,BOM → CCU,2026-04-17 15:24:41,2026-04-17 18:55:41,15,18,Afternoon,False,211.0,3.52,Valid
6F218,IndiGo,BLR,BOM,BLR → BOM,2026-04-17 15:16:41,2026-04-17 19:03:41,15,19,Afternoon,False,227.0,3.78,Valid
6F011,IndiGo,MAA,BLR,MAA → BLR,2026-04-17 15:16:41,2026-04-17 17:16:42,15,17,Afternoon,False,120.02,2.0,Valid
UK106,Vistara,BOM,CCU,BOM → CCU,2026-04-17 15:12:41,2026-04-17 17:23:41,15,17,Afternoon,False,131.0,2.18,Valid
UK030,Vistara,CCU,DEL,CCU → DEL,2026-04-17 15:11:41,2026-04-17 19:38:41,15,19,Afternoon,False,267.0,4.45,Valid
6F090,IndiGo,HYD,BLR,HYD → BLR,2026-04-17 15:10:41,2026-04-17 19:22:41,15,19,Afternoon,False,252.0,4.2,Valid
AI184,Air India,BOM,CCU,BOM → CCU,2026-04-17 15:03:41,2026-04-17 17:03:42,15,17,Afternoon,False,120.02,2.0,Valid
SJ232,SpiceJet,MAA,BLR,MAA → BLR,2026-04-17 15:02:41,2026-04-17 19:22:41,15,19,Afternoon,False,260.0,4.33,Valid
AI153,Air India,BOM,CCU,BOM → CCU,2026-04-17 15:02:41,2026-04-17 16:30:41,15,16,Afternoon,False,88.0,1.47,Valid
UK101,Vistara,DEL,HYD,DEL → HYD,2026-04-17 15:00:41,2026-04-17 17:43:41,15,17,Afternoon,False,163.0,2.72,Valid
6F200,IndiGo,HYD,DEL,HYD → DEL,2026-04-17 14:54:41,2026-04-17 19:41:41,14,19,Afternoon,False,287.0,4.78,Valid
6F162,IndiGo,CCU,BOM,CCU → BOM,2026-04-17 14:50:41,2026-04-17 17:44:41,14,17,Afternoon,False,174.0,2.9,Valid
SJ197,SpiceJet,HYD,BLR,HYD → BLR,2026-04-17 14:49:41,2026-04-17 17:33:41,14,17,Afternoon,False,164.0,2.73,Valid
AI174,Air India,DEL,CCU,DEL → CCU,2026-04-17 14:45:41,2026-04-17 17:01:41,14,17,Afternoon,False,136.0,2.27,Valid
UK090,Vistara,HYD,MAA,HYD → MAA,2026-04-17 14:44:41,2026-04-17 17:24:41,14,17,Afternoon,False,160.0,2.67,Valid
UK124,Vistara,MAA,BLR,MAA → BLR,2026-04-17 14:35:41,2026-04-17 17:09:41,14,17,Afternoon,False,154.0,2.57,Valid
AI239,Air India,BOM,HYD,BOM → HYD,2026-04-17 14:33:41,2026-04-17 17:47:41,14,17,Afternoon,False,194.0,3.23,Valid
UK002,Vistara,CCU,MAA,CCU → MAA,2026-04-17 14:28:41,2026-04-17 19:20:41,14,19,Afternoon,False,292.0,4.87,Valid
SJ055,SpiceJet,HYD,MAA,HYD → MAA,2026-04-17 14:17:41,2026-04-17 17:56:41,14,17,Afternoon,False,219.0,3.65,Valid
UK132,Vistara,BOM,DEL,BOM → DEL,2026-04-17 14:12:41,2026-04-17 16:19:41,14,16,Afternoon,False,127.0,2.12,Valid
6F002,IndiGo,BLR,MAA,BLR → MAA,2026-04-17 14:11:41,2026-04-17 17:34:41,14,17,Afternoon,False,203.0,3.38,Valid
UK005,Vistara,BOM,MAA,BOM → MAA,2026-04-17 14:02:41,2026-04-17 18:14:41,14,18,Afternoon,False,252.0,4.2,Valid
6F258,IndiGo,BOM,DEL,BOM → DEL,2026-04-17 13:54:41,2026-04-17 16:49:41,13,16,Afternoon,False,175.0,2.92,Valid
SJ244,SpiceJet,BLR,DEL,BLR → DEL,2026-04-17 13:51:41,2026-04-17 15:39:41,13,15,Afternoon,False,108.0,1.8,Valid
AI075,Air India,CCU,DEL,CCU → DEL,2026-04-17 13:51:41,2026-04-17 16:49:41,13,16,Afternoon,False,178.0,2.97,Valid
AI160,Air India,MAA,DEL,MAA → DEL,2026-04-17 13:41:41,2026-04-17 17:01:41,13,17,Afternoon,False,200.0,3.33,Valid
UK091,Vistara,CCU,BOM,CCU → BOM,2026-04-17 13:37:41,2026-04-17 17:31:41,13,17,Afternoon,False,234.0,3.9,Valid
UK195,Vistara,HYD,BOM,HYD → BOM,2026-04-17 13:35:41,2026-04-17 16:35:41,13,16,Afternoon,False,180.0,3.0,Valid
6F044,IndiGo,DEL,HYD,DEL → HYD,2026-04-17 13:25:41,2026-04-17 17:36:41,13,17,Afternoon,False,251.0,4.18,Valid
6F248,IndiGo,DEL,HYD,DEL → HYD,2026-04-17 13:25:41,2026-04-17 17:36:41,13,17,Afternoon,False,251.0,4.18,Valid
6F204,IndiGo,DEL,CCU,DEL → CCU,2026-04-17 13:23:41,2026-04-17 16:04:41,13,16,Afternoon,False,161.0,2.68,Valid
SJ092,SpiceJet,BLR,MAA,BLR → MAA,2026-04-17 13:19:41,2026-04-17 17:56:41,13,17,Afternoon,False,277.0,4.62,Valid
AI119,Air India,MAA,BLR,MAA → BLR,2026-04-17 13:15:41,2026-04-17 15:57:41,13,15,Afternoon,False,162.0,2.7,Valid
AI151,Air India,MAA,HYD,MAA → HYD,2026-04-17 13:14:41,2026-04-17 14:10:41,13,14,Afternoon,False,56.0,0.93,Valid
UK107,Vistara,HYD,BOM,HYD → BOM,2026-04-17 13:09:41,2026-04-17 14:25:41,13,14,Afternoon,False,76.0,1.27,Valid
SJ019,SpiceJet,BLR,DEL,BLR → DEL,2026-04-17 13:07:41,2026-04-17 15:56:41,13,15,Afternoon,False,169.0,2.82,Valid
AI052,Air India,CCU,MAA,CCU → MAA,2026-04-17 13:06:41,2026-04-17 15:42:41,13,15,Afternoon,False,156.0,2.6,Valid
SJ177,SpiceJet,BOM,CCU,BOM → CCU,2026-04-17 13:04:41,2026-04-17 17:37:41,13,17,Afternoon,False,273.0,4.55,Valid
6F215,IndiGo,DEL,BLR,DEL → BLR,2026-04-17 13:00:41,2026-04-17 17:30:41,13,17,Afternoon,False,270.0,4.5,Valid
AI223,Air India,BOM,CCU,BOM → CCU,2026-04-17 12:53:41,2026-04-17 14:42:41,12,14,Afternoon,False,109.0,1.82,Valid
SJ069,SpiceJet,HYD,BLR,HYD → BLR,2026-04-17 12:53:41,2026-04-17 14:17:41,12,14,Afternoon,False,84.0,1.4,Valid
6F198,IndiGo,HYD,BLR,HYD → BLR,2026-04-17 12:40:41,2026-04-17 17:39:41,12,17,Afternoon,False,299.0,4.98,Valid
AI093,Air India,BOM,BLR,BOM → BLR,2026-04-17 12:35:41,2026-04-17 17:28:41,12,17,Afternoon,False,293.0,4.88,Valid
UK062,Vistara,HYD,DEL,HYD → DEL,2026-04-17 12:33:41,2026-04-17 15:35:41,12,15,Afternoon,False,182.0,3.03,Valid
6F057,IndiGo,MAA,DEL,MAA → DEL,2026-04-17 12:32:41,2026-04-17 15:50:41,12,15,Afternoon,False,198.0,3.3,Valid
UK064,Vistara,BOM,DEL,BOM → DEL,2026-04-17 12:25:41,2026-04-17 14:55:41,12,14,Afternoon,False,150.0,2.5,Valid
