booking_id,passenger_id,flight_id,booking_date,status,passport_number,seat_number,emergency_contact_name,emergency_contact_phone,passport_hash,booking_year,booking_month,booking_day,booking_dayofweek
B1000,P1591,AI192,2025-06-14 11:37:36,CANCELLED,P******7,3D,Isaac Bakshi,+91--XXXXXX-5128,f940e2ba180de8ac,2025,6,14,Saturday
B1001,P1803,6F026,2025-11-02 11:37:36,CANCELLED,L******2,18A,Anvi Konda,+91--XXXXXX-8662,d91378d40fe1e09d,2025,11,2,Sunday
B1002,P1083,SJ010,2025-08-25 11:37:36,CANCELLED,G******9,30C,Udant Dewan,+91--XXXXXX-8220,23b7cacd31667095,2025,8,25,Monday
B1003,P1364,AI069,2025-12-30 11:37:36,CONFIRMED,M******6,33A,Harsh Chahal,+91--XXXXXX-6839,243f99cf0d190bc8,2025,12,30,Tuesday
B1004,P1885,UK003,2025-10-02 11:37:36,PENDING,N******1,25C,Pahal Balay,+91--XXXXXX-8266,42fe0f7b708ca4b0,2025,10,2,Thursday
B1005,P1548,AI048,2025-08-31 11:37:36,CONFIRMED,B******9,13D,Ayushman Chander,+91--XXXXXX-2726,82dd9b2e5eb1a610,2025,8,31,Sunday
B1006,P1341,AI140,2025-06-29 11:37:36,CANCELLED,W******0,17F,Tejas Kaul,+91--XXXXXX-7864,aedc0e19434d9e1c,2025,6,29,Sunday
B1007,P1838,UK167,2026-03-12 11:37:36,CONFIRMED,C******7,22E,Yashasvi Bala,+91--XXXXXX-5776,fd044d988a342088,2026,3,12,Thursday
B1008,P1406,AI245,2025-09-07 11:37:36,PENDING,J******2,34F,Rushil Saini,+91--XXXXXX-8807,f983073e0304453b,2025,9,7,Sunday
B1009,P1424,SJ158,2025-04-28 11:37:36,CANCELLED,Y******5,33C,Thomas Sen,+91--XXXXXX-6278,824377ad9cd840cb,2025,4,28,Monday
B1010,P1743,AI155,2025-11-24 11:37:36,CONFIRMED,N******8,15B,Arunima Ahuja,+91--XXXXXX-9414,2ab3c45bba4f0fc7,2025,11,24,Monday
B1011,P1092,AI179,2025-10-25 11:37:36,CONFIRMED,E******6,22C,Nathaniel Sami,+91--XXXXXX-6153,35ca263cf56b68ce,2025,10,25,Saturday
B1012,P1847,AI137,2025-08-15 11:37:36,PENDING,F******6,28B,Harini Mall,+91--XXXXXX-6860,76dc6130a39f0279,2025,8,15,Friday
B1013,P1613,SJ001,2025-07-20 11:37:36,CONFIRMED,A******7,26E,Nachiket Kale,+91--XXXXXX-6561,82c3e738443fba3c,2025,7,20,Sunday
B1014,P1411,SJ172,2025-09-15 11:37:36,PENDING,P******2,21E,Gayathri Chaudry,+91--XXXXXX-9979,480f1b6c19929336,2025,9,15,Monday
B1015,P1431,UK094,2025-10-21 11:37:36,UNKNOWN,D******7,6F,George Rai,+91--XXXXXX-5012,960660d68cb612af,2025,10,21,Tuesday
B1016,P1677,UK027,2026-01-13 11:37:36,CANCELLED,A******5,6A,Gunbir Parmer,+91--XXXXXX-0204,fdb609d4f87b2edc,2026,1,13,Tuesday
B1017,P1158,UK067,2026-04-04 11:37:36,CONFIRMED,L******0,13B,Hemangini Lalla,+91--XXXXXX-8257,6f9dcef5b648b43e,2026,4,4,Saturday
B1018,P1013,6F196,2026-03-25 11:37:36,CANCELLED,T******1,19B,Caleb Sharaf,+91--XXXXXX-0106,4ba001325f917124,2026,3,25,Wednesday
B1019,P1372,6F164,2025-07-31 11:37:36,CANCELLED,Y******3,19A,Jeet Radhakrishnan,+91--XXXXXX-0835,adc6c5aafd7e9a23,2025,7,31,Thursday
B1020,P1224,SJ112,2025-12-06 11:37:36,CONFIRMED,F******6,27B,Farhan Memon,+91--XXXXXX-6249,61719b7e19c3f5c0,2025,12,6,Saturday
B1021,P1504,6F190,2025-12-07 11:37:36,CANCELLED,L******1,4E,Janaki Handa,+91--XXXXXX-0161,776c940c227b3116,2025,12,7,Sunday
B1022,P1072,AI080,2026-03-25 11:37:36,CONFIRMED,D******5,16F,Ekaraj Bath,+91--XXXXXX-7221,19d221c1aeb64dba,2026,3,25,Wednesday
B1023,P1248,6F213,2026-02-03 11:37:36,PENDING,P******0,24B,Vedant Mann,+91--XXXXXX-9325,c29432796a2de8c2,2026,2,3,Tuesday
B1024,P1510,AI115,2025-06-21 11:37:36,PENDING,M******7,30F,Fariq Kaul,+91--XXXXXX-8072,4568ec5ab9e082aa,2025,6,21,Saturday
B1025,P1602,SJ049,2026-03-18 11:37:36,PENDING,L******2,1B,Harrison Rai,+91--XXXXXX-2966,b1130b78c2dd2bd6,2026,3,18,Wednesday
B1026,P1215,AI058,2025-06-27 11:37:36,CONFIRMED,C******8,32C,Arunima Setty,+91--XXXXXX-6345,a9cadf4414178def,2025,6,27,Friday
B1027,P1972,UK036,2025-07-25 11:37:36,CONFIRMED,F******5,22A,Janya Gaba,+91--XXXXXX-0795,2e4bbe5adbf8b997,2025,7,25,Friday
B1028,P1601,SJ239,2025-05-25 11:37:36,CANCELLED,V******8,26E,Kamala Pant,+91--XXXXXX-0757,46caa16c594727d5,2025,5,25,Sunday
B1029,P1540,6F025,2025-06-06 11:37:36,CANCELLED,B******0,19C,Shaurya Loke,+91--XXXXXX-4016,3ec41b90218e51b9,2025,6,6,Friday
B1030,P1946,6F236,2026-03-18 11:37:36,CANCELLED,X******3,21E,Ekbal Garg,+91--XXXXXX-1429,ca6010c6aa65afa5,2026,3,18,Wednesday
B1031,P1816,AI060,2025-11-16 11:37:36,CANCELLED,J******4,1E,Yash Gade,+91--XXXXXX-3949,37a620b4eb4e3c06,2025,11,16,Sunday
B1032,P1938,UK021,2025-09-03 11:37:36,CANCELLED,H******1,18E,Turvi Raghavan,+91--XXXXXX-8599,f4236be8ffaf2213,2025,9,3,Wednesday
B1033,P1987,UK026,2025-05-06 11:37:36,UNKNOWN,V******8,19A,Anamika Kanda,+91--XXXXXX-4041,9e854c4e5e87e7a4,2025,5,6,Tuesday
B1034,P1219,SJ179,2025-12-31 11:37:36,CONFIRMED,W******1,22F,Ekta Bhalla,+91--XXXXXX-0606,65c42dfcc4852f56,2025,12,31,Wednesday
B1035,P1839,6F251,2025-08-21 11:37:36,PENDING,A******6,11D,Veer Balay,+91--XXXXXX-1517,32e106a2a4f3b93c,2025,8,21,Thursday
B1036,P1726,SJ149,2025-11-24 11:37:36,PENDING,F******1,5B,Diya Rattan,+91--XXXXXX-3647,0ed7771f37df2625,2025,11,24,Monday
B1037,P1220,AI188,2026-03-20 11:37:36,PENDING,H******1,33E,Amrita Bhatti,+91--XXXXXX-5418,65a7d6d18da131f1,2026,3,20,Friday
B1038,P1388,SJ093,2026-01-01 11:37:36,PENDING,D******5,12D,Siddharth Murty,+91--XXXXXX-6192,f7aa990d583c685b,2026,1,1,Thursday
B1039,P1553,SJ205,2025-08-21 11:37:36,CONFIRMED,J******5,11E,Simon Tata,+91--XXXXXX-9854,021b3176f415e22f,2025,8,21,Thursday
B1040,P1646,6F099,2025-08-08 11:37:36,CONFIRMED,Z******8,26B,Meghana Shanker,+91--XXXXXX-5230,53d21c37fb16b9af,2025,8,8,Friday
B1041,P1041,UK176,2025-05-28 11:37:36,CONFIRMED,Y******7,25C,Luke Lanka,+91--XXXXXX-6035,e8cef1570f36e7ab,2025,5,28,Wednesday
B1042,P1675,UK200,2025-12-02 11:37:36,CANCELLED,B******0,24F,Liam Koshy,+91--XXXXXX-5890,dd4a31bf8bcd5954,2025,12,2,Tuesday
B1043,P1872,6F195,2025-11-22 11:37:36,CANCELLED,A******8,8E,Adya Sangha,+91--XXXXXX-1388,e12e2825cec02f39,2025,11,22,Saturday
B1044,P1282,6F174,2026-04-12 11:37:36,PENDING,T******5,16C,Mohini Pathak,+91--XXXXXX-0954,015351ca96f7fc79,2026,4,12,Sunday
B1045,P1057,SJ214,2026-03-19 11:37:36,UNKNOWN,B******2,18C,Theodore Devi,+91--XXXXXX-3432,e5420c2eac244f10,2026,3,19,Thursday
B1046,P1813,UK059,2025-10-14 11:37:36,CONFIRMED,V******0,2C,Yashodhara Tak,+91--XXXXXX-1874,0a63f2cbfd2c715a,2025,10,14,Tuesday
B1047,P1833,6F151,2025-12-29 11:37:36,PENDING,C******1,7C,Gavin Batta,+91--XXXXXX-4608,ec6772ed06e7cd61,2025,12,29,Monday
B1048,P1536,SJ236,2025-09-19 11:37:36,PENDING,D******0,18C,Imaran Dua,+91--XXXXXX-4278,e42fc536af85d61e,2025,9,19,Friday
B1049,P1072,SJ153,2025-07-28 11:37:36,UNKNOWN,W******6,3C,Nathaniel Sami,+91--XXXXXX-3067,1fb6eefc72f6aea4,2025,7,28,Monday
B1050,P1884,AI220,2026-01-15 11:37:36,PENDING,L******0,7D,Devansh Rajan,+91--XXXXXX-4482,d0bc29a26a67a749,2026,1,15,Thursday
B1051,P1922,6F028,2025-07-05 11:37:36,CANCELLED,M******8,16A,Lakshmi Sidhu,+91--XXXXXX-6443,791e75520f06fa08,2025,7,5,Saturday
B1052,P1128,UK209,2025-12-30 11:37:36,CANCELLED,F******2,33B,Zayan Apte,+91--XXXXXX-6326,9d987d537fa74d77,2025,12,30,Tuesday
B1053,P1598,UK216,2026-04-01 11:37:36,PENDING,V******0,28B,Ishwar Yadav,+91--XXXXXX-5009,13e3ab7f14dbfe1e,2026,4,1,Wednesday
B1054,P1841,AI132,2026-04-11 11:37:36,CANCELLED,V******9,19C,Amara Oak,+91--XXXXXX-8191,f476c6ce93635bd7,2026,4,11,Saturday
B1055,P1425,6F012,2025-10-14 11:37:36,CANCELLED,D******6,13F,Isaac Memon,+91--XXXXXX-7684,cd1e2bb2d99c70b0,2025,10,14,Tuesday
B1056,P1947,UK173,2026-03-24 11:37:36,CANCELLED,E******0,15B,Radhika Dugar,+91--XXXXXX-6381,7d93ea13d75fe381,2026,3,24,Tuesday
B1057,P1664,SJ047,2025-08-20 11:37:36,CANCELLED,C******0,14F,Sudiksha Aggarwal,+91--XXXXXX-4263,463b06b58ccaf0e2,2025,8,20,Wednesday
B1058,P1693,SJ043,2025-12-07 11:37:36,PENDING,A******2,8C,Adya Tella,+91--XXXXXX-4081,ddd163093942df80,2025,12,7,Sunday
B1059,P1124,UK140,2026-01-03 11:37:36,CONFIRMED,N******6,23B,Pranav Tripathi,+91--XXXXXX-0433,d3f6d583b78253ce,2026,1,3,Saturday
B1060,P1066,6F086,2025-12-30 11:37:36,CONFIRMED,T******7,11A,Hitesh Misra,+91--XXXXXX-7113,2ee9ddde20d677cc,2025,12,30,Tuesday
B1061,P1005,6F114,2026-04-05 11:37:36,CANCELLED,R******2,19C,Yashica Issac,+91--XXXXXX-7530,f83b501b1dd1824f,2026,4,5,Sunday
B1062,P1636,UK153,2025-06-12 11:37:36,CANCELLED,A******4,15D,Michael Prakash,+91--XXXXXX-7050,3205835cd717c40b,2025,6,12,Thursday
B1063,P1313,6F149,2025-05-19 11:37:36,CANCELLED,J******7,9A,Neel Zacharia,+91--XXXXXX-0081,44a0ddfa72050cb0,2025,5,19,Monday
B1064,P1325,UK145,2025-09-14 11:37:36,CONFIRMED,T******4,24E,Aadi Naik,+91--XXXXXX-2918,f9725406ccd97ac1,2025,9,14,Sunday
B1065,P1564,UK010,2026-03-06 11:37:36,CANCELLED,D******9,7B,Vrinda Bahl,+91--XXXXXX-8991,e75972ab3ad2a0dc,2026,3,6,Friday
B1066,P1577,SJ003,2025-11-05 11:37:36,PENDING,H******8,1B,Isaac Patil,+91--XXXXXX-8025,2ffa87127295d5f9,2025,11,5,Wednesday
B1067,P1825,SJ160,2025-07-23 11:37:36,PENDING,W******2,7F,Damyanti Khatri,+91--XXXXXX-9825,cdccbb4f465f0d88,2025,7,23,Wednesday
B1068,P1505,UK224,2025-11-22 11:37:36,PENDING,P******9,23A,Dalbir Khosla,+91--XXXXXX-9882,974b18d43f2e1e16,2025,11,22,Saturday
B1069,P1081,UK152,2025-08-02 11:37:36,CONFIRMED,Y******7,16E,Farhan Chada,+91--XXXXXX-6369,5c38d1440673c674,2025,8,2,Saturday
B1070,P1598,SJ034,2025-09-22 11:37:36,CANCELLED,H******2,15D,Vedika Biswas,+91--XXXXXX-3428,27c933fab2749257,2025,9,22,Monday
B1071,P1001,UK215,2025-12-21 11:37:36,CANCELLED,R******2,15F,Jeremiah Dave,+91--XXXXXX-0870,c0e5227deac266a7,2025,12,21,Sunday
B1072,P1203,UK089,2025-08-10 11:37:36,CANCELLED,M******1,18F,Vaishnavi Gandhi,+91--XXXXXX-2708,17ea3bceac270c1c,2025,8,10,Sunday
B1073,P1661,6F180,2025-12-04 11:37:36,CONFIRMED,C******9,16A,Alka Wable,+91--XXXXXX-4571,f688a08e92c3cbbb,2025,12,4,Thursday
B1074,P1804,6F188,2025-09-25 11:37:36,CONFIRMED,J******5,7A,Pallavi Kakar,+91--XXXXXX-6104,80663cfe76311802,2025,9,25,Thursday
B1075,P1403,UK131,2026-01-03 11:37:36,CONFIRMED,J******2,2F,Sai Muni,+91--XXXXXX-7796,3d5bff76e08338e7,2026,1,3,Saturday
B1076,P1102,UK055,2025-05-04 11:37:36,CONFIRMED,X******0,12B,Mohini Prakash,+91--XXXXXX-9350,da9c386b03455652,2025,5,4,Sunday
B1077,P1535,UK181,2025-05-03 11:37:36,PENDING,E******2,3A,Raksha Varughese,+91--XXXXXX-9292,44bb86c93a36584f,2025,5,3,Saturday
B1078,P1367,6F077,2025-09-21 11:37:36,CONFIRMED,Z******6,1B,Siya Dara,+91--XXXXXX-0016,d9658118e6287d47,2025,9,21,Sunday
B1079,P1211,SJ085,2025-06-03 11:37:36,CONFIRMED,W******1,10D,Yug Kar,+91--XXXXXX-8019,3922a61101c45e03,2025,6,3,Tuesday
B1080,P1576,SJ023,2025-06-05 11:37:36,CONFIRMED,H******9,22D,Devansh Nigam,+91--XXXXXX-0958,69833de8f3650841,2025,6,5,Thursday
B1081,P1960,SJ202,2025-11-13 11:37:36,CANCELLED,Y******9,29C,Ansh Karpe,+91--XXXXXX-8400,45d210d5be66ce5d,2025,11,13,Thursday
B1082,P1208,SJ150,2025-09-09 11:37:36,CANCELLED,Y******8,30A,Thomas Amble,+91--XXXXXX-4669,1ba0b793addbbdbf,2025,9,9,Tuesday
B1083,P1762,SJ116,2025-05-12 11:37:36,CANCELLED,E******6,9A,Ekavir Bhargava,+91--XXXXXX-4087,07d710d8319a7022,2025,5,12,Monday
B1084,P1896,6F270,2025-06-14 11:37:36,PENDING,H******1,16E,Veer Bir,+91--XXXXXX-8688,1f46e69e1d41f879,2025,6,14,Saturday
B1085,P1116,UK150,2026-03-24 11:37:36,PENDING,V******2,12A,Azad Narayanan,+91--XXXXXX-9329,b258182f0a199d54,2026,3,24,Tuesday
B1086,P1627,SJ237,2026-02-16 11:37:36,CONFIRMED,G******7,5D,Ekavir Varkey,+91--XXXXXX-3483,384e15a1ebac4d6d,2026,2,16,Monday
B1087,P1748,AI221,2025-05-08 11:37:36,CANCELLED,L******0,2F,Wazir Mallick,+91--XXXXXX-8674,b787ef633d82f67b,2025,5,8,Thursday
B1088,P1477,SJ081,2026-03-25 11:37:36,PENDING,A******3,31A,Vedika Kala,+91--XXXXXX-7433,bc9202b8f8ac8107,2026,3,25,Wednesday
B1089,P1104,UK189,2025-09-03 11:37:36,CANCELLED,W******5,25F,Kevin Solanki,+91--XXXXXX-1422,4240ebd18b06514f,2025,9,3,Wednesday
B1090,P1494,SJ068,2025-05-16 11:37:36,PENDING,V******2,31C,Xavier Solanki,+91--XXXXXX-1775,cd4df04a6a7da0c2,2025,5,16,Friday
B1091,P1770,6F043,2025-08-18 11:37:36,PENDING,C******5,25D,Niharika Gupta,+91--XXXXXX-1387,2fdc50ebb3acbe65,2025,8,18,Monday
B1092,P1045,UK187,2026-03-18 11:37:36,CONFIRMED,P******4,16D,Girindra Chatterjee,+91--XXXXXX-6973,5916659ac07e23a7,2026,3,18,Wednesday
B1093,P1822,UK074,2025-05-11 11:37:36,CONFIRMED,L******6,25E,Raagini Pandya,+91--XXXXXX-0231,8a34d3452b59815a,2025,5,11,Sunday
B1094,P1330,UK004,2026-01-07 11:37:36,PENDING,P******0,24C,Pallavi Roy,+91--XXXXXX-7557,3dc20fdd581f44f3,2026,1,7,Wednesday
B1095,P1215,6F194,2025-07-30 11:37:36,CONFIRMED,X******6,14B,Unni Bhagat,+91--XXXXXX-2655,3e292eecada7ebea,2025,7,30,Wednesday
B1096,P1981,UK068,2026-01-03 11:37:36,PENDING,Y******8,12B,Guneet Bhat,+91--XXXXXX-8767,9e8f1ddbf9eeecc0,2026,1,3,Saturday
B1097,P1959,6F017,2025-08-26 11:37:36,UNKNOWN,J******8,34F,Neha Nori,+91--XXXXXX-9257,caac55a7f5a75b35,2025,8,26,Tuesday
B1098,P1491,6F245,2025-10-15 11:37:36,UNKNOWN,Z******8,13D,Ikbal Kothari,+91--XXXXXX-0675,480f93cdad65e765,2025,10,15,Wednesday
B1099,P1812,6F254,2025-12-07 11:37:36,CONFIRMED,Z******2,26E,Rehaan Gupta,+91--XXXXXX-5408,622bcc9aee0babde,2025,12,7,Sunday
B1100,P1921,UK077,2026-03-05 11:37:36,CONFIRMED,F******0,16D,Saumya Dey,+91--XXXXXX-2423,a0042fc666f9fc40,2026,3,5,Thursday
B1101,P1844,AI029,2025-07-19 11:37:36,CONFIRMED,V******7,3D,Pahal Goswami,+91--XXXXXX-0041,088e2e594af0ee81,2025,7,19,Saturday
B1102,P1448,SJ196,2025-10-06 11:37:36,UNKNOWN,N******6,15F,Arya Shere,+91--XXXXXX-7824,2e95d7936c95c449,2025,10,6,Monday
B1103,P1535,AI242,2025-08-08 11:37:36,CANCELLED,W******6,20D,Zaid Borra,+91--XXXXXX-0195,32c565973b1955fb,2025,8,8,Friday
B1104,P1510,AI242,2025-09-12 11:37:36,CANCELLED,V******5,16E,Saanvi Chaudhari,+91--XXXXXX-1992,e73e7ea866f0463a,2025,9,12,Friday
B1105,P1457,SJ044,2025-09-11 11:37:36,CONFIRMED,J******0,19F,Chandresh Zachariah,+91--XXXXXX-2865,b9a778e34cc498de,2025,9,11,Thursday
B1106,P1546,UK063,2025-09-01 11:37:36,CONFIRMED,H******4,21F,Alexander Chander,+91--XXXXXX-7368,a4893a10c048ea1e,2025,9,1,Monday
B1107,P1535,AI056,2025-05-19 11:37:36,CONFIRMED,H******8,30F,Warjas Ganesan,+91--XXXXXX-1339,ae9b8c568a100642,2025,5,19,Monday
B1108,P1539,UK207,2025-10-11 11:37:36,CANCELLED,B******7,14B,Niharika Sunder,+91--XXXXXX-0049,b74e5f9d7b8bb772,2025,10,11,Saturday
B1109,P1483,UK166,2025-12-03 11:37:36,CANCELLED,L******9,33D,Vasana Kala,+91--XXXXXX-1363,e17ac4f91bf89e24,2025,12,3,Wednesday
B1110,P1975,6F261,2025-12-17 11:37:36,PENDING,D******0,12B,Nandini Bhargava,+91--XXXXXX-8743,fec7e60fc2cb8fb3,2025,12,17,Wednesday
B1111,P1999,UK134,2025-12-25 11:37:36,CANCELLED,A******2,34A,Nitesh Raghavan,+91--XXXXXX-0327,1aeb14aa6053160a,2025,12,25,Thursday
B1112,P1015,6F152,2025-10-02 11:37:36,PENDING,N******1,27A,Aarnav Ramakrishnan,+91--XXXXXX-0611,eeb39572852f6df5,2025,10,2,Thursday
B1113,P1570,SJ089,2025-11-23 11:37:36,CONFIRMED,M******9,5A,Alka Sha,+91--XXXXXX-3389,76be958825cf2fbc,2025,11,23,Sunday
B1114,P1976,6F123,2025-09-26 11:37:36,CANCELLED,W******5,2E,Bhavika Sampath,+91--XXXXXX-8435,1e6b4102113ef85e,2025,9,26,Friday
B1115,P1242,AI025,2025-08-23 11:37:36,CONFIRMED,P******8,10A,Vidhi Dubey,+91--XXXXXX-1024,7b1635c380d771c7,2025,8,23,Saturday
B1116,P1949,6F030,2025-12-05 11:37:36,CONFIRMED,J******0,19B,Ranveer Minhas,+91--XXXXXX-1177,c537cd270d40bf3c,2025,12,5,Friday
B1117,P1206,SJ222,2025-09-02 11:37:36,CONFIRMED,B******6,28F,Teerth Bhardwaj,+91--XXXXXX-6273,29c3d59366e96d88,2025,9,2,Tuesday
B1118,P1911,UK109,2026-04-03 11:37:36,CONFIRMED,D******0,34B,Darsh Murthy,+91--XXXXXX-2542,34bcbe76648acc55,2026,4,3,Friday
B1119,P1270,SJ117,2025-11-25 11:37:36,CANCELLED,N******1,21F,Dakshesh Bedi,+91--XXXXXX-5920,c72a9f30b91ff9c4,2025,11,25,Tuesday
B1120,P1760,SJ142,2025-08-12 11:37:36,CONFIRMED,F******8,12D,Vansha Thakkar,+91--XXXXXX-9377,1c47629b19a466ff,2025,8,12,Tuesday
B1121,P1993,SJ142,2025-06-01 11:37:36,PENDING,Z******8,17C,Nakul Bhandari,+91--XXXXXX-9980,8722a325c78c27ea,2025,6,1,Sunday
B1122,P1778,AI030,2025-05-02 11:37:36,CANCELLED,H******5,20B,Yashoda Buch,+91--XXXXXX-0459,ca7e8d8c590344f5,2025,5,2,Friday
B1123,P1704,6F097,2025-09-23 11:37:36,CONFIRMED,W******5,8A,Quincy Biswas,+91--XXXXXX-3440,8c27fcd758614082,2025,9,23,Tuesday
B1124,P1846,6F129,2025-05-23 11:37:36,CANCELLED,M******9,5C,Ekansh Keer,+91--XXXXXX-1753,ff5ae4aceddfbbfe,2025,5,23,Friday
B1125,P1729,6F181,2026-01-15 11:37:36,PENDING,F******9,27E,Netra Dar,+91--XXXXXX-5564,dc6f099db8efb089,2026,1,15,Thursday
B1126,P1114,AI072,2025-10-20 11:37:36,CONFIRMED,K******4,10E,Yatin Baral,+91--XXXXXX-6718,07f23fab759696fe,2025,10,20,Monday
B1127,P1579,SJ154,2025-06-29 11:37:36,PENDING,N******4,2E,Finn Saini,+91--XXXXXX-6141,dc142665060b3bbc,2025,6,29,Sunday
B1128,P1298,AI031,2026-04-08 11:37:36,CONFIRMED,Y******4,10D,Diya Lal,+91--XXXXXX-9264,7278dde843a7d0a4,2026,4,8,Wednesday
B1129,P1836,AI031,2025-09-18 11:37:36,PENDING,W******2,26F,Samarth Murthy,+91--XXXXXX-4894,bbb3ae22d55523a7,2025,9,18,Thursday
B1130,P1482,6F158,2025-12-26 11:37:36,CONFIRMED,P******3,34E,William Lanka,+91--XXXXXX-1553,e483673b45d594c3,2025,12,26,Friday
B1131,P1396,6F184,2025-06-16 11:37:36,CANCELLED,Y******4,1C,Meghana Deep,+91--XXXXXX-6703,ddf7565e836e9c68,2025,6,16,Monday
B1132,P1393,UK141,2025-06-20 11:37:36,CONFIRMED,D******8,10D,Charita Shankar,+91--XXXXXX-2875,9d8f2bf47f933ad7,2025,6,20,Friday
B1133,P1074,6F168,2025-12-29 11:37:36,CANCELLED,E******6,23D,Diya Bora,+91--XXXXXX-2496,e271a5ae6695d2b6,2025,12,29,Monday
B1134,P1977,6F051,2025-07-28 11:37:36,CONFIRMED,G******3,34C,Aditya Shanker,+91--XXXXXX-9254,b3e98d575a6f6a33,2025,7,28,Monday
B1135,P1481,6F047,2025-12-02 11:37:36,CONFIRMED,D******3,20E,Harish Borah,+91--XXXXXX-6706,5b1396cd2b1ea630,2025,12,2,Tuesday
B1136,P1102,UK156,2025-10-26 11:37:36,PENDING,B******8,28E,Tanay Toor,+91--XXXXXX-2968,4c03b783b192656c,2025,10,26,Sunday
B1137,P1296,AI094,2025-09-01 11:37:36,PENDING,C******1,13E,Alka Deo,+91--XXXXXX-1393,42b68f8d722cbbc0,2025,9,1,Monday
B1138,P1177,AI038,2025-07-14 11:37:36,PENDING,A******4,6C,Ikshita Biswas,+91--XXXXXX-1934,e01367f91476396d,2025,7,14,Monday
B1139,P1214,6F255,2026-01-19 11:37:36,CONFIRMED,L******9,29F,Yash Pingle,+91--XXXXXX-2157,1b2546053e97814e,2026,1,19,Monday
B1140,P1966,SJ025,2026-01-23 11:37:36,CONFIRMED,E******7,29D,Bhavani Dugar,+91--XXXXXX-1700,395556c5efd10735,2026,1,23,Friday
B1141,P1314,SJ185,2025-10-28 11:37:36,CONFIRMED,F******9,9C,Raksha Mittal,+91--XXXXXX-5455,2da064e060681e78,2025,10,28,Tuesday
B1142,P1038,6F259,2026-01-21 11:37:36,CANCELLED,C******9,5C,Abhiram Mistry,+91--XXXXXX-4971,cc6749b22047582c,2026,1,21,Wednesday
B1143,P1258,6F073,2026-04-07 11:37:36,CANCELLED,V******7,15A,Hemang Desai,+91--XXXXXX-9840,80496bf06b42995f,2026,4,7,Tuesday
B1144,P1715,AI091,2025-09-26 11:37:36,CONFIRMED,M******8,6D,Aishani D’Alia,+91--XXXXXX-7996,b78fdaf6d1f73539,2025,9,26,Friday
B1145,P1006,6F191,2025-08-23 11:37:36,PENDING,F******1,15D,Hredhaan Dugal,+91--XXXXXX-6715,eab0fc0ee6a4afee,2025,8,23,Saturday
B1146,P1048,UK228,2025-08-30 11:37:36,PENDING,V******5,25A,Anita Manda,+91--XXXXXX-8150,1844ea6a52d61a12,2025,8,30,Saturday
B1147,P1537,6F146,2026-03-25 11:37:36,PENDING,R******0,11E,Shivansh Oza,+91--XXXXXX-9430,f02b16e745f84a7d,2026,3,25,Wednesday
B1148,P1160,6F068,2025-10-13 11:37:36,CONFIRMED,E******4,19A,Samar Lalla,+91--XXXXXX-0672,b93540eeb9a33de5,2025,10,13,Monday
B1149,P1868,SJ218,2026-01-08 11:37:36,PENDING,G******2,30F,Yashasvi Suresh,+91--XXXXXX-2528,77d4c5b33610c67f,2026,1,8,Thursday
B1150,P1175,UK083,2025-09-25 11:37:36,CONFIRMED,V******7,12A,Zayan Behl,+91--XXXXXX-2234,589c649ac07dc35a,2025,9,25,Thursday
B1151,P1590,SJ007,2026-01-18 11:37:36,CANCELLED,V******9,29B,George Sampath,+91--XXXXXX-9085,c939e51d601b8fa6,2026,1,18,Sunday
B1152,P1001,AI077,2025-08-14 11:37:36,PENDING,H******5,27A,Aradhana Basu,+91--XXXXXX-8402,885a5d17d04cd53b,2025,8,14,Thursday
B1153,P1894,UK017,2025-12-20 11:37:36,CANCELLED,X******6,8D,Aarush Nath,+91--XXXXXX-9050,029b7bccc5119148,2025,12,20,Saturday
B1154,P1454,6F229,2026-02-17 11:37:36,PENDING,B******0,24A,Kalpit Lala,+91--XXXXXX-7005,ccc2f84e97dea643,2026,2,17,Tuesday
B1155,P1927,6F074,2025-10-08 11:37:36,CONFIRMED,E******2,6D,Neel Sathe,+91--XXXXXX-5900,93d4ced360e38a48,2025,10,8,Wednesday
B1156,P1643,SJ088,2026-03-25 11:37:36,CONFIRMED,L******2,5E,Prisha Andra,+91--XXXXXX-8235,fb0935848fe0d0c1,2026,3,25,Wednesday
B1157,P1275,SJ167,2025-06-28 11:37:36,CONFIRMED,X******0,18B,Isaac Borra,+91--XXXXXX-0380,388842519e619cc3,2025,6,28,Saturday
B1158,P1497,6F234,2025-07-20 11:37:36,CONFIRMED,Y******0,22A,Manthan Banik,+91--XXXXXX-3787,e735fa6b89989c07,2025,7,20,Sunday
B1159,P1628,UK071,2025-12-10 11:37:36,PENDING,W******4,22F,Kala Divan,+91--XXXXXX-1686,e13ceb3e9197e83a,2025,12,10,Wednesday
B1160,P1675,AI178,2025-11-21 11:37:36,CANCELLED,C******0,29A,Qushi Datta,+91--XXXXXX-5204,0c62fbf1f82cae21,2025,11,21,Friday
B1161,P1799,UK104,2025-11-14 11:37:36,CONFIRMED,H******8,12A,Benjamin Morar,+91--XXXXXX-1674,251bd0a5408c4a91,2025,11,14,Friday
B1162,P1027,AI146,2025-04-22 11:37:36,UNKNOWN,N******8,32D,Janya Baral,+91--XXXXXX-9690,2afc372c3a24a3fe,2025,4,22,Tuesday
B1163,P1332,SJ235,2025-11-10 11:37:36,CANCELLED,X******8,13D,Ishita Kade,+91--XXXXXX-2987,c643f32bfb80b546,2025,11,10,Monday
B1164,P1000,6F209,2025-04-24 11:37:36,CONFIRMED,Z******3,24A,Zaid Chauhan,+91--XXXXXX-2471,1a47f801e023eb74,2025,4,24,Thursday
B1165,P1187,AI129,2025-08-20 11:37:36,CANCELLED,M******0,2F,Irya Ray,+91--XXXXXX-2367,22e6f8c7c3b4045a,2025,8,20,Wednesday
B1166,P1055,SJ141,2026-01-23 11:37:36,CONFIRMED,J******2,34D,Mohammed Khalsa,+91--XXXXXX-7690,9848969c59fe3b9d,2026,1,23,Friday
B1167,P1546,SJ018,2026-02-02 11:37:36,CANCELLED,N******3,9F,Nicholas Goel,+91--XXXXXX-6854,a1c8b63ba823d7e1,2026,2,2,Monday
B1168,P1111,UK120,2025-10-14 11:37:36,CANCELLED,N******6,11C,Nitara Bakshi,+91--XXXXXX-3269,3e861c955195a1be,2025,10,14,Tuesday
B1169,P1797,AI078,2025-11-15 11:37:36,CONFIRMED,L******6,11E,Praneel Natarajan,+91--XXXXXX-7397,bbec6f031505438d,2025,11,15,Saturday
B1170,P1309,AI079,2025-09-14 11:37:36,PENDING,X******1,15E,Nisha Kothari,+91--XXXXXX-4039,2ae62ecbd0396239,2025,9,14,Sunday
B1171,P1035,UK087,2025-09-19 11:37:36,CANCELLED,N******6,21A,Amara Dutta,+91--XXXXXX-5830,748cae37f2a9555c,2025,9,19,Friday
B1172,P1438,UK133,2026-01-17 11:37:36,CONFIRMED,T******9,8F,Hritik Raja,+91--XXXXXX-9600,c25e0977684e6314,2026,1,17,Saturday
B1173,P1728,AI222,2025-06-01 11:37:36,CANCELLED,D******8,22E,Balvan Singhal,+91--XXXXXX-0197,689af1fbc1199deb,2025,6,1,Sunday
B1174,P1591,6F049,2026-04-12 11:37:36,CANCELLED,B******5,19D,Tristan Iyengar,+91--XXXXXX-4287,cdb8d6f53c659618,2026,4,12,Sunday
B1175,P1825,6F105,2026-01-29 11:37:36,PENDING,L******3,27D,Triveni Palla,+91--XXXXXX-0363,774078a05fe5fdca,2026,1,29,Thursday
B1176,P1594,SJ226,2025-04-17 11:37:36,CANCELLED,P******2,7C,Dalaja Kari,+91--XXXXXX-7327,6b526ba279d8de80,2025,4,17,Thursday
B1177,P1576,SJ227,2025-07-29 11:37:36,CANCELLED,M******9,34D,Udant Bajwa,+91--XXXXXX-0863,74794eb7b44049bd,2025,7,29,Tuesday
B1178,P1324,6F034,2026-02-05 11:37:36,CONFIRMED,E******8,34E,Reyansh Rastogi,+91--XXXXXX-2098,2fad876a86c2bf3b,2026,2,5,Thursday
B1179,P1639,SJ078,2025-10-03 11:37:36,CONFIRMED,F******5,33D,Falguni Mallick,+91--XXXXXX-5466,d6de45e6ea501fdf,2025,10,3,Friday
B1180,P1306,AI240,2026-04-10 11:37:36,PENDING,R******8,22F,Ekaraj Mallick,+91--XXXXXX-9558,5c086fe1a937ef5e,2026,4,10,Friday
B1181,P1533,SJ002,2026-03-29 11:37:36,CANCELLED,Z******4,12E,Indali Upadhyay,+91--XXXXXX-9169,2b18946339e0a61b,2026,3,29,Sunday
B1182,P1727,AI044,2025-08-11 11:37:36,CANCELLED,Y******0,3A,Mugdha Yadav,+91--XXXXXX-4521,a2a0c42a6132799a,2025,8,11,Monday
B1183,P1618,UK076,2025-06-22 11:37:36,CANCELLED,K******2,8C,Garima Bala,+91--XXXXXX-8652,37095f6713f54fd4,2025,6,22,Sunday
B1184,P1108,6F232,2025-08-01 11:37:36,PENDING,G******3,28E,Jack Lal,+91--XXXXXX-6490,3815d371431a6f93,2025,8,1,Friday
B1185,P1371,SJ228,2025-08-16 11:37:36,CANCELLED,D******6,25E,Pranav Lanka,+91--XXXXXX-6542,56fe5071ae785744,2025,8,16,Saturday
B1186,P1356,SJ074,2026-04-04 11:37:36,CONFIRMED,T******2,1B,Balvan Chopra,+91--XXXXXX-4213,49413ea2bea6ea60,2026,4,4,Saturday
B1187,P1180,UK229,2025-08-04 11:37:36,PENDING,F******2,7F,Radha Pai,+91--XXXXXX-5908,78eda924d899763a,2025,8,4,Monday
B1188,P1355,AI208,2026-04-04 11:37:36,CONFIRMED,C******9,6A,Dipta Sarin,+91--XXXXXX-9782,a08336f4821e49af,2026,4,4,Saturday
B1189,P1675,AI019,2025-11-23 11:37:36,CONFIRMED,A******2,14F,Yasti D’Alia,+91--XXXXXX-8556,24560cac21a51ea2,2025,11,23,Sunday
B1190,P1067,6F029,2025-05-23 11:37:36,PENDING,A******7,12B,Lekha Gupta,+91--XXXXXX-1523,b00cc50f4df052e1,2025,5,23,Friday
B1191,P1291,6F018,2025-04-27 11:37:36,CONFIRMED,R******2,25B,Aachal Basu,+91--XXXXXX-2358,436e50b6998ed836,2025,4,27,Sunday
B1192,P1691,AI059,2025-06-23 11:37:36,CANCELLED,E******3,7D,Rajata Agarwal,+91--XXXXXX-5924,6beef6a064ecfd19,2025,6,23,Monday
B1193,P1180,AI159,2025-05-22 11:37:36,PENDING,F******3,13D,Zinal Yohannan,+91--XXXXXX-0978,283f049df2e245f9,2025,5,22,Thursday
B1194,P1465,6F091,2025-07-11 11:37:36,CONFIRMED,Z******2,14F,Ronith Patla,+91--XXXXXX-6626,5d8d1c455bc92169,2025,7,11,Friday
B1195,P1433,6F084,2025-07-20 11:37:36,CANCELLED,D******8,10B,Raagini Boase,+91--XXXXXX-6166,8242066b31f5735a,2025,7,20,Sunday
B1196,P1463,UK170,2026-01-15 11:37:36,CANCELLED,Z******8,20C,Ganga Murthy,+91--XXXXXX-4596,485666d26c96a2ba,2026,1,15,Thursday
B1197,P1680,UK212,2025-05-19 11:37:36,CONFIRMED,T******3,2E,Jeet Mital,+91--XXXXXX-7338,4af1f99c6ae7d6f7,2025,5,19,Monday
B1198,P1913,SJ022,2025-06-16 11:37:36,UNKNOWN,J******9,29A,Yashica More,+91--XXXXXX-2983,ca3771779afe52dd,2025,6,16,Monday
B1199,P1533,SJ075,2025-12-13 11:37:36,PENDING,F******9,30E,Nilima Narain,+91--XXXXXX-7632,6cc75f7fe97d0876,2025,12,13,Saturday
B1200,P1065,UK177,2025-09-17 11:37:36,CONFIRMED,D******8,16B,Neha Merchant,+91--XXXXXX-8921,065364239d88edf7,2025,9,17,Wednesday
B1201,P1020,UK206,2026-02-01 11:37:36,CANCELLED,D******2,3A,Joshua Handa,+91--XXXXXX-4055,9b8ef9da77d703e6,2026,2,1,Sunday
B1202,P1611,UK079,2025-04-29 11:37:36,CANCELLED,W******9,29C,Osha Raghavan,+91--XXXXXX-6263,33fe7094838adf44,2025,4,29,Tuesday
B1203,P1383,UK040,2025-06-21 11:37:36,CONFIRMED,M******0,3B,Owen Mitra,+91--XXXXXX-0009,ab20254aa618c5f3,2025,6,21,Saturday
B1204,P1811,AI034,2025-07-25 11:37:36,CONFIRMED,K******1,30A,Nidra Acharya,+91--XXXXXX-2075,65ce6b1346fbe39c,2025,7,25,Friday
B1205,P1614,UK034,2025-10-18 11:37:36,CONFIRMED,F******2,23F,Daksha Mangat,+91--XXXXXX-4339,b0c53fe17cf98a45,2025,10,18,Saturday
B1206,P1558,AI088,2025-07-02 11:37:36,CONFIRMED,K******9,13A,Shivansh Sani,+91--XXXXXX-2395,eb4228b1d39ca52c,2025,7,2,Wednesday
B1207,P1038,AI128,2025-06-11 11:37:36,PENDING,C******2,26A,Ekanta Shroff,+91--XXXXXX-6415,4c1f06cc9a443c67,2025,6,11,Wednesday
B1208,P1284,SJ052,2025-07-22 11:37:36,UNKNOWN,E******7,9A,Riya Sathe,+91--XXXXXX-2858,438dc875dccb4506,2025,7,22,Tuesday
B1209,P1821,AI233,2025-12-15 11:37:36,PENDING,C******2,3A,Tanay Vaidya,+91--XXXXXX-6064,29d19ecb50929adb,2025,12,15,Monday
B1210,P1601,AI012,2026-01-20 11:37:36,PENDING,E******3,3C,Urvashi Gara,+91--XXXXXX-4358,ec8f963e24fbb556,2026,1,20,Tuesday
B1211,P1596,AI084,2025-07-07 11:37:36,CONFIRMED,N******4,34A,Frado Mander,+91--XXXXXX-5378,cc005dad80918a47,2025,7,7,Monday
B1212,P1784,6F126,2025-07-08 11:37:36,PENDING,K******6,34B,Yutika Nayak,+91--XXXXXX-6819,612678dfb386533d,2025,7,8,Tuesday
B1213,P1335,SJ061,2025-06-16 11:37:36,CONFIRMED,X******2,2E,Girik Keer,+91--XXXXXX-1107,afd5dbb29b4412a7,2025,6,16,Monday
B1214,P1187,UK194,2025-08-14 11:37:36,UNKNOWN,M******9,23B,Dayita Kar,+91--XXXXXX-9571,bc662465b1ef99e9,2025,8,14,Thursday
B1215,P1670,AI135,2025-08-08 11:37:36,CANCELLED,A******3,28C,Rushil Din,+91--XXXXXX-3317,6e0e472cd19d7e74,2025,8,8,Friday
B1216,P1242,6F238,2025-12-09 11:37:36,CONFIRMED,M******1,10A,Aryan Batra,+91--XXXXXX-5129,64751211189026a4,2025,12,9,Tuesday
B1217,P1072,6F092,2026-03-19 11:37:36,CANCELLED,B******3,32C,Yash Soman,+91--XXXXXX-8927,ff5d337306fdc962,2026,3,19,Thursday
B1218,P1478,AI213,2025-11-13 11:37:36,PENDING,Y******9,2D,Elijah Shah,+91--XXXXXX-3132,021d36362636a2ae,2025,11,13,Thursday
B1219,P1973,UK193,2026-02-15 11:37:36,CANCELLED,E******2,1B,Oeshi Hayer,+91--XXXXXX-0964,31a9c5838ab83272,2026,2,15,Sunday
B1220,P1560,6F178,2026-04-04 11:37:36,PENDING,H******7,29C,Leena Talwar,+91--XXXXXX-2559,de99e479398a4b63,2026,4,4,Saturday
B1221,P1100,AI158,2026-03-06 11:37:36,CONFIRMED,K******5,19D,Mugdha Kohli,+91--XXXXXX-5218,21b6d42cf66d026e,2026,3,6,Friday
B1222,P1513,UK208,2026-03-30 11:37:36,PENDING,J******0,8A,Manbir Ahluwalia,+91--XXXXXX-5907,02a877e29433de10,2026,3,30,Monday
B1223,P1755,6F056,2026-04-09 11:37:36,UNKNOWN,D******8,15A,Hredhaan Sandal,+91--XXXXXX-4660,33b56e92d59a1d84,2026,4,9,Thursday
B1224,P1175,UK185,2025-10-26 11:37:36,CONFIRMED,J******8,1E,Theodore Goda,+91--XXXXXX-9317,31e873048e6d06cc,2025,10,26,Sunday
B1225,P1237,AI163,2026-01-13 11:37:36,PENDING,M******5,4D,Zarna Shetty,+91--XXXXXX-1229,8248edb03b6ae1e7,2026,1,13,Tuesday
B1226,P1909,AI112,2025-08-23 11:37:36,CONFIRMED,V******7,15C,Chandresh Krish,+91--XXXXXX-3124,6af38a80d0d6974c,2025,8,23,Saturday
B1227,P1058,AI227,2025-10-23 11:37:36,CANCELLED,K******6,12A,Jairaj Shan,+91--XXXXXX-8218,2473f23d9d602704,2025,10,23,Thursday
B1228,P1864,SJ083,2026-04-17 11:37:36,CONFIRMED,A******5,29D,Kiaan Shetty,+91--XXXXXX-2235,02d0096c80144191,2026,4,17,Friday
B1229,P1098,UK073,2026-02-07 11:37:36,CONFIRMED,J******5,13F,Edhitha Savant,+91--XXXXXX-1227,7f8260919f72c37e,2026,2,7,Saturday
B1230,P1953,6F169,2025-04-29 11:37:36,PENDING,N******2,6C,Yamini Sandhu,+91--XXXXXX-2051,27f0c7b0fedb487e,2025,4,29,Tuesday
B1231,P1870,UK154,2026-04-06 11:37:36,CANCELLED,H******6,27D,Sanaya Dutt,+91--XXXXXX-5590,cfa8a3771c188872,2026,4,6,Monday
B1232,P1953,SJ169,2025-10-06 11:37:36,CONFIRMED,L******9,32F,Vaishnavi Sengupta,+91--XXXXXX-1252,155491601d4f450a,2025,10,6,Monday
B1233,P1494,6F187,2025-05-13 11:37:36,CANCELLED,J******8,5F,Aashi Kota,+91--XXXXXX-9119,ac0ce3c501f1241b,2025,5,13,Tuesday
B1234,P1946,UK210,2025-11-21 11:37:36,CANCELLED,A******4,33A,Aradhana Verma,+91--XXXXXX-4349,ec4b81e4dda7b69f,2025,11,21,Friday
B1235,P1979,6F250,2025-12-23 11:37:36,PENDING,Y******1,13D,Vedhika Khare,+91--XXXXXX-0345,4eeca4d9b9163089,2025,12,23,Tuesday
B1236,P1513,AI062,2025-07-05 11:37:36,CONFIRMED,D******6,25A,Anvi Sarraf,+91--XXXXXX-2732,e94b58050e4ee3a0,2025,7,5,Saturday
B1237,P1754,AI047,2025-11-16 11:37:36,UNKNOWN,T******3,15B,Faras Mangal,+91--XXXXXX-1042,366cef55f874cc6b,2025,11,16,Sunday
B1238,P1296,SJ186,2025-10-20 11:37:36,UNKNOWN,F******9,8E,Wahab Magar,+91--XXXXXX-4048,0910c75364206262,2025,10,20,Monday
B1239,P1210,AI217,2025-11-17 11:37:36,CANCELLED,A******3,30A,Gautami Nagarajan,+91--XXXXXX-8284,9095cd325d88c849,2025,11,17,Monday
B1240,P1122,UK100,2025-12-31 11:37:36,CONFIRMED,W******0,17A,Faris Devi,+91--XXXXXX-5606,b2677a786ced47d3,2025,12,31,Wednesday
B1241,P1228,UK116,2025-12-16 11:37:36,CONFIRMED,M******7,10A,Matthew Kashyap,+91--XXXXXX-1868,7bb03f1c9c8ca0b9,2025,12,16,Tuesday
B1242,P1593,6F036,2025-12-01 11:37:36,CANCELLED,A******1,26C,Leela Dua,+91--XXXXXX-3494,4c8c8d34bc58d36d,2025,12,1,Monday
B1243,P1655,AI175,2026-01-22 11:37:36,CANCELLED,E******3,29E,Tanish Bhatt,+91--XXXXXX-2271,9772ffcd0745bc20,2026,1,22,Thursday
B1244,P1387,UK051,2025-08-18 11:37:36,CONFIRMED,A******0,27D,Oeshi Reddy,+91--XXXXXX-5439,4287eff12e424c12,2025,8,18,Monday
B1245,P1139,6F201,2026-04-17 11:37:36,UNKNOWN,C******9,26A,Ganga Shukla,+91--XXXXXX-9724,17ec26d04cc4d35b,2026,4,17,Friday
B1246,P1540,6F230,2026-04-09 11:37:36,CONFIRMED,V******8,33B,Ojasvi Bhatia,+91--XXXXXX-7156,9a6ceaeaaf0b23cf,2026,4,9,Thursday
B1247,P1390,SJ138,2025-08-13 11:37:36,CANCELLED,N******5,15F,Samuel Salvi,+91--XXXXXX-4867,cc2c0abf89ad1ba6,2025,8,13,Wednesday
B1248,P1269,AI246,2026-03-04 11:37:36,PENDING,C******7,16B,Lopa Bahri,+91--XXXXXX-8805,0f13a97c2395d4ad,2026,3,4,Wednesday
B1249,P1758,6F179,2025-06-06 11:37:36,CANCELLED,W******7,26B,Lajita Sood,+91--XXXXXX-3294,5626537902a821f8,2025,6,6,Friday
B1250,P1011,6F031,2026-01-28 11:37:36,CANCELLED,B******8,16F,Abeer Pandey,+91--XXXXXX-9472,658d315be9fdee94,2026,1,28,Wednesday
B1251,P1866,UK015,2025-08-30 11:37:36,PENDING,P******1,29A,Chanchal Ramakrishnan,+91--XXXXXX-0000,6ec064de2cde65dc,2025,8,30,Saturday
B1252,P1388,UK001,2025-04-21 11:37:36,CANCELLED,L******3,27C,Oni Yohannan,+91--XXXXXX-8619,4c2dc7854d5eb802,2025,4,21,Monday
B1253,P1336,6F133,2026-02-27 11:37:36,CANCELLED,V******8,15E,Thomas Sura,+91--XXXXXX-2911,47388975b3439b25,2026,2,27,Friday
B1254,P1505,6F143,2025-07-22 11:37:36,CANCELLED,E******9,5D,Theodore Mahajan,+91--XXXXXX-7840,0959c32f40fe9ffe,2025,7,22,Tuesday
B1255,P1105,UK165,2025-09-22 11:37:36,CANCELLED,C******3,23F,Rajata Sunder,+91--XXXXXX-1946,2009bc13bb173412,2025,9,22,Monday
B1256,P1031,6F083,2025-08-10 11:37:36,CANCELLED,G******0,22B,Ayush Ramachandran,+91--XXXXXX-0072,1b7b4906d0fbd399,2025,8,10,Sunday
B1257,P1073,AI082,2025-08-19 11:37:36,CANCELLED,J******0,11C,Gayathri Ravel,+91--XXXXXX-7961,3e27e94d758797fb,2025,8,19,Tuesday
B1258,P1170,AI164,2025-10-28 11:37:36,CANCELLED,K******6,21F,Noah Sibal,+91--XXXXXX-9118,63b93b20e8ad8b3b,2025,10,28,Tuesday
B1259,P1848,SJ155,2026-01-19 11:37:36,CANCELLED,K******7,31F,Joshua Walla,+91--XXXXXX-8041,e3a4a1952679f1ad,2026,1,19,Monday
B1260,P1068,AI189,2026-01-04 11:37:36,CANCELLED,V******0,1D,Avi Ramesh,+91--XXXXXX-9063,1b1a2502d8d7317e,2026,1,4,Sunday
B1261,P1812,SJ057,2025-12-21 11:37:36,CONFIRMED,W******6,34A,Avi Chacko,+91--XXXXXX-0909,9466b6c22c075109,2025,12,21,Sunday
B1262,P1361,SJ198,2025-05-07 11:37:36,CONFIRMED,Y******9,16F,Priya Deshmukh,+91--XXXXXX-8944,60437acf312f504d,2025,5,7,Wednesday
B1263,P1648,6F122,2026-01-03 11:37:36,CANCELLED,Y******4,6C,Triya Gopal,+91--XXXXXX-8359,4eda930840129f24,2026,1,3,Saturday
B1264,P1432,SJ097,2026-04-15 11:37:36,CONFIRMED,J******9,12A,Chandresh Lad,+91--XXXXXX-0179,dc52a9e54a0b3abc,2026,4,15,Wednesday
B1265,P1928,UK203,2025-08-06 11:37:36,PENDING,H******1,28F,Ladli Narang,+91--XXXXXX-3723,22234a59d84cfafb,2025,8,6,Wednesday
B1266,P1995,UK093,2026-01-16 11:37:36,CONFIRMED,Y******3,27F,Siddharth Sha,+91--XXXXXX-3106,734f24cff90fb72d,2026,1,16,Friday
B1267,P1099,AI205,2025-05-21 11:37:36,CANCELLED,V******6,32A,Eta Nazareth,+91--XXXXXX-0019,69dcdfbc8bebe7c4,2025,5,21,Wednesday
B1268,P1657,AI102,2026-01-16 11:37:36,UNKNOWN,Y******4,12A,Ladli Mall,+91--XXXXXX-7177,97563a219cd8330e,2026,1,16,Friday
B1269,P1008,6F046,2025-09-06 11:37:36,CONFIRMED,N******6,4C,Oviya Krishnan,+91--XXXXXX-0807,268d496ea9974f5d,2025,9,6,Saturday
B1270,P1573,SJ017,2025-06-02 11:37:36,UNKNOWN,F******7,22E,Finn Singhal,+91--XXXXXX-2228,02fa593495238919,2025,6,2,Monday
B1271,P1696,6F156,2025-10-20 11:37:36,PENDING,R******0,28B,Anirudh Zacharia,+91--XXXXXX-3662,32f8ba8338094b5b,2025,10,20,Monday
B1272,P1028,AI068,2025-07-18 11:37:36,PENDING,M******5,19A,Charles Palla,+91--XXXXXX-8311,d55d8c6fc7ea9111,2025,7,18,Friday
B1273,P1892,AI150,2025-06-05 11:37:36,UNKNOWN,Z******0,28B,Udarsh Biswas,+91--XXXXXX-6375,a7a93a79502d9160,2025,6,5,Thursday
B1274,P1113,UK008,2025-10-15 11:37:36,PENDING,F******7,20D,Banjeet Balasubramanian,+91--XXXXXX-3571,fd66236a5424cf7c,2025,10,15,Wednesday
B1275,P1461,6F166,2025-07-11 11:37:36,PENDING,L******2,18F,Yug Iyengar,+91--XXXXXX-6536,e127e3f2f551cf72,2025,7,11,Friday
B1276,P1920,6F177,2025-07-15 11:37:36,CONFIRMED,M******0,1A,Anmol Dua,+91--XXXXXX-9840,252c76371be4c704,2025,7,15,Tuesday
B1277,P1142,AI196,2026-01-19 11:37:36,PENDING,V******1,12E,William Date,+91--XXXXXX-6223,51094e0a4a3aaa7c,2026,1,19,Monday
B1278,P1389,SJ191,2025-08-09 11:37:36,CONFIRMED,A******6,5B,Urvashi Contractor,+91--XXXXXX-3565,9060dceb5fe1f7fc,2025,8,9,Saturday
B1279,P1631,6F019,2025-05-10 11:37:36,UNKNOWN,B******3,28C,Tejas Shroff,+91--XXXXXX-4052,046750501e3d60fe,2025,5,10,Saturday
B1280,P1681,AI226,2026-04-12 11:37:36,CONFIRMED,W******4,33B,Aahana Pillay,+91--XXXXXX-9514,730da87bbfbeef9b,2026,4,12,Sunday
B1281,P1156,SJ207,2026-01-21 11:37:36,CANCELLED,D******4,4A,Oliver Contractor,+91--XXXXXX-9374,787e4ca2c6ee1d1c,2026,1,21,Wednesday
B1282,P1334,AI009,2025-12-30 11:37:36,CANCELLED,K******1,8B,Nihal Mukhopadhyay,+91--XXXXXX-2151,1433577f0824a4ef,2025,12,30,Tuesday
B1283,P1860,AI103,2025-05-08 11:37:36,UNKNOWN,R******7,29D,Hritik Bal,+91--XXXXXX-7808,06b041049a5aa878,2025,5,8,Thursday
B1284,P1259,SJ127,2026-02-22 11:37:36,CANCELLED,K******8,25F,Devika Prashad,+91--XXXXXX-0070,da3475265bf2dcc7,2026,2,22,Sunday
B1285,P1081,UK188,2026-03-26 11:37:36,CANCELLED,C******9,25B,Mekhala Issac,+91--XXXXXX-8913,e961ca617ffb9c02,2026,3,26,Thursday
B1286,P1753,6F010,2025-09-25 11:37:36,UNKNOWN,L******8,33B,Faqid Kibe,+91--XXXXXX-3362,957d0fb7601d48ac,2025,9,25,Thursday
B1287,P1440,SJ098,2025-12-13 11:37:36,CANCELLED,H******8,5F,Harsh Mitra,+91--XXXXXX-7930,1f1ac8828be28221,2025,12,13,Saturday
B1288,P1944,6F058,2025-12-11 11:37:36,PENDING,T******2,18C,Jai Barman,+91--XXXXXX-4865,dc9efec4f799e85b,2025,12,11,Thursday
B1289,P1171,SJ030,2026-03-23 11:37:36,PENDING,M******8,24F,Idika Walia,+91--XXXXXX-7017,3f0cc83eac6ab5eb,2026,3,23,Monday
B1290,P1230,UK175,2025-07-26 11:37:36,CANCELLED,Y******5,16F,Priya Prabhakar,+91--XXXXXX-9769,c53602fead26e65c,2025,7,26,Saturday
B1291,P1719,SJ108,2026-04-01 11:37:36,PENDING,W******9,28E,Ekapad Toor,+91--XXXXXX-7572,c3448382c050af18,2026,4,1,Wednesday
B1292,P1074,6F075,2025-08-03 11:37:36,CONFIRMED,Y******7,7C,Harita Arora,+91--XXXXXX-3679,f4c0f79f37dd7e68,2025,8,3,Sunday
B1293,P1269,UK222,2025-08-31 11:37:36,CONFIRMED,E******8,25F,Osha Suri,+91--XXXXXX-6545,e890aa6b670192c1,2025,8,31,Sunday
B1294,P1898,6F250,2025-07-13 11:37:36,CANCELLED,J******2,34B,Hitesh Sant,+91--XXXXXX-9502,e9e913006d8dcc00,2025,7,13,Sunday
B1295,P1625,AI096,2025-12-29 11:37:36,CANCELLED,D******2,14B,Janaki Sharaf,+91--XXXXXX-2053,13a50e4d504b59a9,2025,12,29,Monday
B1296,P1061,AI216,2025-12-23 11:37:36,CANCELLED,X******1,1B,Michael Saran,+91--XXXXXX-7733,f8babbab386f9cf2,2025,12,23,Tuesday
B1297,P1873,6F193,2026-01-23 11:37:36,PENDING,A******6,8A,Patrick Vig,+91--XXXXXX-8361,51232c098258e024,2026,1,23,Friday
B1298,P1319,SJ194,2026-01-02 11:37:36,PENDING,Z******8,6C,Anamika Yohannan,+91--XXXXXX-2809,d30345969840a152,2026,1,2,Friday
B1299,P1101,SJ020,2025-09-11 11:37:36,CONFIRMED,N******5,16F,Veda Shroff,+91--XXXXXX-3217,528199910e0e1ea3,2025,9,11,Thursday
B1300,P1428,6F070,2025-06-14 11:37:36,PENDING,V******3,21C,Rajata Loyal,+91--XXXXXX-3521,41359096ade6b027,2025,6,14,Saturday
B1301,P1873,AI051,2025-09-03 11:37:36,CONFIRMED,L******6,12A,Ekantika Korpal,+91--XXXXXX-4069,285576f0bac68df5,2025,9,3,Wednesday
B1302,P1721,UK219,2025-12-27 11:37:36,PENDING,J******0,3D,Gabriel Mallick,+91--XXXXXX-4089,5db119396ac32dae,2025,12,27,Saturday
B1303,P1953,AI235,2025-12-13 11:37:36,CONFIRMED,N******5,20A,Shravya Kohli,+91--XXXXXX-9768,2aa7300374758357,2025,12,13,Saturday
B1304,P1254,6F022,2025-12-13 11:37:36,UNKNOWN,H******6,18E,Ucchal Raghavan,+91--XXXXXX-1700,33a011eec0782d80,2025,12,13,Saturday
B1305,P1531,SJ114,2025-09-28 11:37:36,PENDING,V******6,13C,Gayathri Balakrishnan,+91--XXXXXX-9203,2549a8d4b1c39bd8,2025,9,28,Sunday
B1306,P1569,SJ076,2025-12-01 11:37:36,CONFIRMED,W******9,30A,Warda Nair,+91--XXXXXX-1450,4937c8b1059c9c79,2025,12,1,Monday
B1307,P1111,UK227,2026-01-26 11:37:36,PENDING,P******8,32E,Qabil Sura,+91--XXXXXX-2614,d6246bb605d105c7,2026,1,26,Monday
B1308,P1984,UK135,2025-07-22 11:37:36,CANCELLED,A******1,30D,Simon Pant,+91--XXXXXX-2287,c3bfb6b4833f896e,2025,7,22,Tuesday
B1309,P1312,AI234,2025-05-06 11:37:36,CONFIRMED,Y******5,30F,Aarna Oak,+91--XXXXXX-2677,acd21a16a4db3ff0,2025,5,6,Tuesday
B1310,P1997,6F113,2025-08-20 11:37:36,PENDING,A******2,5D,Ati Majumdar,+91--XXXXXX-3222,53106e7bc56c23da,2025,8,20,Wednesday
B1311,P1460,SJ206,2025-11-16 11:37:36,PENDING,V******1,9D,Advaith Varughese,+91--XXXXXX-4288,0c0d18a90eaca836,2025,11,16,Sunday
B1312,P1707,AI015,2026-03-29 11:37:36,UNKNOWN,Y******4,6E,Rayaan Chada,+91--XXXXXX-0241,2b60b0e9ec47619d,2026,3,29,Sunday
B1313,P1886,6F260,2025-05-16 11:37:36,CANCELLED,P******5,33E,Wyatt Ray,+91--XXXXXX-9760,6ae9a8d88e3650d9,2025,5,16,Friday
B1314,P1461,AI061,2025-04-28 11:37:36,CONFIRMED,B******5,19C,Vrinda Khosla,+91--XXXXXX-8284,48c9b101d80f9d8b,2025,4,28,Monday
B1315,P1864,6F237,2026-03-26 11:37:36,PENDING,B******2,9C,Vamakshi Swaminathan,+91--XXXXXX-7462,67335e447c3cb046,2026,3,26,Thursday
B1316,P1091,SJ099,2026-01-06 11:37:36,PENDING,A******5,27C,Sara Badal,+91--XXXXXX-2068,c14cb52b615e866c,2026,1,6,Tuesday
B1317,P1051,SJ146,2026-02-24 11:37:36,CANCELLED,F******2,21F,Girik Menon,+91--XXXXXX-9773,9b6f7b3b5754107c,2026,2,24,Tuesday
B1318,P1804,SJ146,2025-05-23 11:37:36,CANCELLED,B******4,29B,Timothy Ravel,+91--XXXXXX-7023,7d6ba0791b37c59c,2025,5,23,Friday
B1319,P1519,6F071,2025-05-04 11:37:36,CONFIRMED,P******1,4C,Yagnesh Mohan,+91--XXXXXX-1758,b32c83ba4547f37b,2025,5,4,Sunday
B1320,P1811,6F272,2025-08-13 11:37:36,PENDING,D******1,6C,Jyoti Solanki,+91--XXXXXX-1202,8a512825cfc137a3,2025,8,13,Wednesday
B1321,P1097,SJ029,2026-02-12 11:37:36,PENDING,C******2,13A,Hemangini Sandal,+91--XXXXXX-1866,6757be5279489b39,2026,2,12,Thursday
B1322,P1235,UK084,2025-07-27 11:37:36,CONFIRMED,C******4,6E,Ganga Pandey,+91--XXXXXX-0643,7711b1d069542aea,2025,7,27,Sunday
B1323,P1900,SJ048,2026-02-06 11:37:36,CONFIRMED,L******6,14D,Sudiksha Madan,+91--XXXXXX-2487,6e5ca53cbc442836,2026,2,6,Friday
B1324,P1373,AI108,2026-02-04 11:37:36,CANCELLED,Y******9,33B,Damini Krishnamurthy,+91--XXXXXX-4040,c180611f39496beb,2026,2,4,Wednesday
B1325,P1580,SJ134,2025-08-11 11:37:36,CANCELLED,K******5,3B,Vihaan Dara,+91--XXXXXX-9747,696a854e01793497,2025,8,11,Monday
B1326,P1926,UK146,2025-10-31 11:37:36,CONFIRMED,W******4,14F,Reyansh Mutti,+91--XXXXXX-8283,d05f2b6e0df6b332,2025,10,31,Friday
B1327,P1556,SJ036,2025-09-24 11:37:36,CONFIRMED,J******0,26C,Jagdish Wason,+91--XXXXXX-7662,1057f55e3a0d5ad1,2025,9,24,Wednesday
B1328,P1648,6F202,2025-11-01 11:37:36,PENDING,P******4,33B,Qasim Handa,+91--XXXXXX-9958,10420285e7dd101e,2025,11,1,Saturday
B1329,P1233,UK041,2026-02-13 11:37:36,CONFIRMED,L******0,22C,Tarak Sule,+91--XXXXXX-9243,dc341938afe41b51,2026,2,13,Friday
B1330,P1031,6F078,2025-12-06 11:37:36,CONFIRMED,R******5,23A,Aradhana Vohra,+91--XXXXXX-6256,7a4030613d9f1c11,2025,12,6,Saturday
B1331,P1288,AI097,2025-07-03 11:37:36,PENDING,F******8,22C,Barkha Chaudhry,+91--XXXXXX-9583,3f101c29ba2175ad,2025,7,3,Thursday
B1332,P1637,UK159,2026-01-15 11:37:36,CONFIRMED,T******1,7D,Rishi Minhas,+91--XXXXXX-2108,b596c19f0175f563,2026,1,15,Thursday
B1333,P1578,UK044,2025-09-06 11:37:36,CANCELLED,Y******0,12B,Utkarsh Patel,+91--XXXXXX-1145,af564e54e570fa3e,2025,9,6,Saturday
B1334,P1541,6F176,2025-09-27 11:37:36,CANCELLED,Y******0,6F,Praneel Mittal,+91--XXXXXX-9658,d6d18f9acbbdf789,2025,9,27,Saturday
B1335,P1113,SJ221,2026-02-11 11:37:36,PENDING,R******6,4A,Akshay Walla,+91--XXXXXX-8680,3e90ac70ff6f9295,2026,2,11,Wednesday
B1336,P1203,6F112,2025-07-03 11:37:36,CONFIRMED,L******9,22A,Jonathan Mahal,+91--XXXXXX-3059,9921ee9d552944ea,2025,7,3,Thursday
B1337,P1028,6F246,2025-10-20 11:37:36,UNKNOWN,B******9,4C,Chakradev Bhagat,+91--XXXXXX-6646,cf0f45afee6a394d,2025,10,20,Monday
B1338,P1642,6F014,2026-02-21 11:37:36,CANCELLED,A******9,14C,Brinda Date,+91--XXXXXX-2453,1a361b848e28447c,2026,2,21,Saturday
B1339,P1473,AI237,2025-09-17 11:37:36,CANCELLED,X******3,28A,Vritti Chauhan,+91--XXXXXX-9137,f18cf0d3cab02b4c,2025,9,17,Wednesday
B1340,P1696,6F003,2025-12-14 11:37:36,CANCELLED,C******9,12E,Advik Mane,+91--XXXXXX-0823,d29a518d85a4613e,2025,12,14,Sunday
B1341,P1252,6F249,2025-07-04 11:37:36,CONFIRMED,H******6,5A,Upasna Srinivas,+91--XXXXXX-1075,470760e6e2ffdf49,2025,7,4,Friday
B1342,P1797,UK149,2025-04-29 11:37:36,CONFIRMED,T******6,4A,Ridhi Oak,+91--XXXXXX-1209,a2a91fbf33f51562,2025,4,29,Tuesday
B1343,P1904,SJ163,2026-03-08 11:37:36,CONFIRMED,R******4,9F,Qarin Behl,+91--XXXXXX-5104,02aef0a6be74320f,2026,3,8,Sunday
B1344,P1921,SJ243,2026-03-28 11:37:36,CONFIRMED,G******0,1D,Zayyan Sridhar,+91--XXXXXX-5145,22206ecd9599862d,2026,3,28,Saturday
B1345,P1385,UK113,2025-06-06 11:37:36,CANCELLED,N******5,1A,Ishaan Bhattacharyya,+91--XXXXXX-7922,05825d59f5978090,2025,6,6,Friday
B1346,P1061,AI071,2025-06-07 11:37:36,PENDING,N******1,30E,Nandini Swamy,+91--XXXXXX-1806,ed66b9693abda9bd,2025,6,7,Saturday
B1347,P1514,6F271,2026-02-07 11:37:36,PENDING,X******4,22A,Ethan Bera,+91--XXXXXX-6679,c62dd033fe5cdb0a,2026,2,7,Saturday
B1348,P1429,SJ015,2025-06-05 11:37:36,CANCELLED,B******0,27E,Max Dixit,+91--XXXXXX-3196,87d0b75d941990bd,2025,6,5,Thursday
B1349,P1579,UK047,2025-11-19 11:37:36,CANCELLED,A******3,9E,Daksha Chada,+91--XXXXXX-4833,e047ce5828ae465b,2025,11,19,Wednesday
B1350,P1536,UK020,2026-02-04 11:37:36,PENDING,L******5,12A,Yuvraj Dani,+91--XXXXXX-8891,c8309c3f4af8d802,2026,2,4,Wednesday
B1351,P1690,AI122,2025-09-03 11:37:36,PENDING,X******3,27F,Omaja Kara,+91--XXXXXX-6783,af8e490d0eb49786,2025,9,3,Wednesday
B1352,P1140,UK223,2025-10-20 11:37:36,CANCELLED,A******1,17D,Lajita Seshadri,+91--XXXXXX-2884,9bfb885349f126f5,2025,10,20,Monday
B1353,P1742,6F148,2025-09-19 11:37:36,CANCELLED,Y******2,15F,Saanvi Mishra,+91--XXXXXX-4844,b36b701fe3aee31a,2025,9,19,Friday
B1354,P1299,SJ162,2025-12-14 11:37:36,CONFIRMED,G******5,34A,Pushti Mody,+91--XXXXXX-9213,60b10fdf87b85fc4,2025,12,14,Sunday
B1355,P1674,6F127,2026-03-30 11:37:36,CONFIRMED,A******8,28B,Darpan Chaudhary,+91--XXXXXX-1313,eeab2423c460a3f5,2026,3,30,Monday
B1356,P1310,AI173,2025-11-10 11:37:36,PENDING,W******7,11F,Sarthak Kakar,+91--XXXXXX-8460,e21bc484127bb01d,2025,11,10,Monday
B1357,P1470,6F065,2026-02-05 11:37:36,UNKNOWN,W******8,14A,Aishani Bumb,+91--XXXXXX-9923,e969b0f3fd6fa289,2026,2,5,Thursday
B1358,P1392,AI053,2025-06-22 11:37:36,PENDING,E******5,20A,Naksh Khatri,+91--XXXXXX-0560,8026decbf039e137,2025,6,22,Sunday
B1359,P1641,AI241,2025-10-22 11:37:36,CONFIRMED,E******8,14E,Oscar Borde,+91--XXXXXX-8471,6b94ea0f3dfd90a5,2025,10,22,Wednesday
B1360,P1444,AI105,2025-06-15 11:37:36,UNKNOWN,E******4,18D,Naksh Agate,+91--XXXXXX-2317,196a86bb7603f183,2025,6,15,Sunday
B1361,P1757,AI110,2025-08-24 11:37:36,PENDING,G******9,13F,Nilima Seshadri,+91--XXXXXX-3821,5ee59646c60cb15e,2025,8,24,Sunday
B1362,P1808,AI252,2025-10-22 11:37:36,CONFIRMED,E******2,15B,Upma Manne,+91--XXXXXX-7951,3bafb74f6a87e89a,2025,10,22,Wednesday
B1363,P1171,AI149,2025-12-14 11:37:36,CANCELLED,R******3,3B,Bachittar Kata,+91--XXXXXX-7515,8470f55bbf6e5cd9,2025,12,14,Sunday
B1364,P1575,AI224,2025-09-09 11:37:36,PENDING,L******0,23F,Bhavya Mandal,+91--XXXXXX-8079,d8a7084b8ea7951e,2025,9,9,Tuesday
B1365,P1030,UK158,2025-07-03 11:37:36,CANCELLED,R******9,15B,Sudiksha Bobal,+91--XXXXXX-0703,9394064cc7b7de9d,2025,7,3,Thursday
B1366,P1046,6F125,2025-05-05 11:37:36,CANCELLED,A******4,25E,Vivaan Lalla,+91--XXXXXX-5252,0b6163f1af315d03,2025,5,5,Monday
B1367,P1129,UK164,2025-12-14 11:37:36,CONFIRMED,X******8,18A,Rudra Sandal,+91--XXXXXX-0157,0dc5c69792decc69,2025,12,14,Sunday
B1368,P1351,UK007,2025-12-26 11:37:36,CANCELLED,F******7,1E,Ishwar Kar,+91--XXXXXX-7814,b491d3f734f3b6d0,2025,12,26,Friday
B1369,P1977,6F118,2026-03-18 11:37:36,PENDING,N******6,15F,Manthan Lata,+91--XXXXXX-2076,8133aeeae345edad,2026,3,18,Wednesday
B1370,P1844,SJ004,2026-01-01 11:37:36,CANCELLED,C******4,19C,Lucky Bora,+91--XXXXXX-3721,26ab011bdc7f60cb,2026,1,1,Thursday
B1371,P1621,6F206,2025-09-25 11:37:36,CANCELLED,B******3,15E,Darpan Gandhi,+91--XXXXXX-1602,0cc59f6bf0c58c9b,2025,9,25,Thursday
B1372,P1580,SJ130,2025-05-11 11:37:36,CANCELLED,A******2,11D,Damyanti Mani,+91--XXXXXX-2017,61d6ed2998694abd,2025,5,11,Sunday
B1373,P1057,SJ070,2026-02-14 11:37:36,CANCELLED,D******2,22F,Reva Dash,+91--XXXXXX-1304,00d293414d2fa50d,2026,2,14,Saturday
B1374,P1105,AI085,2025-04-24 11:37:36,CANCELLED,E******9,7F,Upadhriti Modi,+91--XXXXXX-7223,28ee72e470595388,2025,4,24,Thursday
B1375,P1811,SJ109,2025-09-02 11:37:36,CONFIRMED,Z******4,15B,Neha Magar,+91--XXXXXX-9962,c7d5f5093d32236a,2025,9,2,Tuesday
B1376,P1329,AI168,2025-08-24 11:37:36,PENDING,H******5,16B,Xiti Zacharia,+91--XXXXXX-9634,695d5fd335d5e815,2025,8,24,Sunday
B1377,P1767,UK123,2025-10-24 11:37:36,CONFIRMED,G******7,26A,Wakeeta Sarma,+91--XXXXXX-1232,45f82e8f5125b28f,2025,10,24,Friday
B1378,P1823,UK110,2026-01-16 11:37:36,PENDING,J******5,30D,Faris Baral,+91--XXXXXX-8535,b187b8caad1bd765,2026,1,16,Friday
B1379,P1682,AI206,2025-11-02 11:37:36,PENDING,Z******9,31C,Rachana Naidu,+91--XXXXXX-2178,0baec853477f1cb3,2025,11,2,Sunday
B1380,P1382,6F007,2026-04-16 11:37:36,PENDING,Y******2,6B,Zashil Bal,+91--XXXXXX-7743,ead41d992ae58706,2026,4,16,Thursday
B1381,P1984,SJ013,2025-11-11 11:37:36,PENDING,M******4,33A,Gavin Karnik,+91--XXXXXX-3911,6637c37463a0af4e,2025,11,11,Tuesday
B1382,P1161,UK061,2025-09-19 11:37:36,PENDING,N******6,20D,Ansh Luthra,+91--XXXXXX-2822,a50641711f53896c,2025,9,19,Friday
B1383,P1996,AI010,2025-09-24 11:37:36,CANCELLED,H******9,8C,Banjeet Gill,+91--XXXXXX-2261,c0c6c05f4f290381,2025,9,24,Wednesday
B1384,P1285,AI024,2025-05-16 11:37:36,CONFIRMED,D******3,11D,Upma Venkataraman,+91--XXXXXX-3523,0dd448a14688c206,2025,5,16,Friday
B1385,P1070,UK130,2025-06-08 11:37:36,CONFIRMED,L******3,30B,Riya Mall,+91--XXXXXX-3433,feaae8906e0b2097,2025,6,8,Sunday
B1386,P1766,AI161,2026-03-12 11:37:36,CANCELLED,A******2,10A,Pratyush Sarin,+91--XXXXXX-3897,3af3f9b412d22401,2026,3,12,Thursday
B1387,P1453,SJ208,2025-07-23 11:37:36,PENDING,W******3,24F,Vyanjana Chand,+91--XXXXXX-8754,6b2098950bd32c7f,2025,7,23,Wednesday
B1388,P1885,6F038,2025-09-23 11:37:36,UNKNOWN,F******0,8D,Upma Pall,+91--XXXXXX-8221,7472a7cd24f18ae3,2025,9,23,Tuesday
B1389,P1566,6F085,2026-02-22 11:37:36,UNKNOWN,F******7,30D,Nilima Nath,+91--XXXXXX-6220,c3fbedca3748a521,2026,2,22,Sunday
B1390,P1834,SJ028,2026-03-09 11:37:36,CANCELLED,P******0,8C,Ekani Cheema,+91--XXXXXX-0994,4ddb11fbf4a55ba9,2026,3,9,Monday
B1391,P1396,SJ084,2025-11-26 11:37:36,CONFIRMED,B******5,21F,Naveen Narayan,+91--XXXXXX-8281,74eb7aa2cc83998e,2025,11,26,Wednesday
B1392,P1514,AI139,2026-03-27 11:37:36,CONFIRMED,A******2,21D,Nisha Tandon,+91--XXXXXX-7852,0621f07a50fa4cc2,2026,3,27,Friday
B1393,P1025,UK179,2026-04-06 11:37:36,PENDING,P******3,26E,Bhavya Rattan,+91--XXXXXX-3402,4f11d5ef2f5f43ca,2026,4,6,Monday
B1394,P1312,6F256,2025-07-23 11:37:36,PENDING,F******5,23F,Balhaar Sha,+91--XXXXXX-2923,7ef9ebe52dd7e712,2025,7,23,Wednesday
B1395,P1125,UK023,2026-02-10 11:37:36,UNKNOWN,N******3,23B,Gaurang Murty,+91--XXXXXX-8777,463f9e2186e64a0f,2026,2,10,Tuesday
B1396,P1407,AI039,2025-08-03 11:37:36,UNKNOWN,M******3,13E,Zayyan Naik,+91--XXXXXX-9194,03ac548dd9f5648a,2025,8,3,Sunday
B1397,P1564,UK190,2026-02-05 11:37:36,CANCELLED,K******3,28D,Jack Raval,+91--XXXXXX-3359,bca1ae1ac63b4d8a,2026,2,5,Thursday
B1398,P1197,6F224,2026-02-04 11:37:36,PENDING,M******7,3E,Yoshita Agarwal,+91--XXXXXX-2164,88191202db9b656f,2026,2,4,Wednesday
B1399,P1810,UK221,2025-05-31 11:37:36,PENDING,Y******0,7A,Turvi Sachdev,+91--XXXXXX-5517,ea1343938f2e8b09,2025,5,31,Saturday
B1400,P1187,SJ107,2026-04-02 11:37:36,CANCELLED,E******8,12F,Chatura Guha,+91--XXXXXX-9488,f0acd7d2ae17e17c,2026,4,2,Thursday
B1401,P1697,UK155,2025-04-20 11:37:36,UNKNOWN,Z******3,21D,Zarna Pathak,+91--XXXXXX-6092,33550bb022175414,2025,4,20,Sunday
B1402,P1816,UK183,2026-03-21 11:37:36,CANCELLED,E******0,7E,Wishi Sathe,+91--XXXXXX-8758,420e6bffa350faf3,2026,3,21,Saturday
B1403,P1809,SJ203,2025-05-08 11:37:36,PENDING,E******5,26A,Charan Jani,+91--XXXXXX-8210,8acc154f609b7c0e,2025,5,8,Thursday
B1404,P1715,6F253,2026-03-07 11:37:36,UNKNOWN,Y******7,16A,Amara Deep,+91--XXXXXX-1783,55e0c50024be067f,2026,3,7,Saturday
B1405,P1483,AI100,2025-08-26 11:37:36,PENDING,B******0,32F,Bhavna Sarma,+91--XXXXXX-0547,9a78b8a0f61c996d,2025,8,26,Tuesday
B1406,P1449,6F140,2025-06-24 11:37:36,CONFIRMED,W******1,15D,Vedhika Dara,+91--XXXXXX-4687,e96863a98b2f54f2,2025,6,24,Tuesday
B1407,P1522,UK048,2025-08-26 11:37:36,CONFIRMED,B******5,25A,Ayush Khatri,+91--XXXXXX-5796,09efa572b6aa045d,2025,8,26,Tuesday
B1408,P1870,SJ204,2025-07-29 11:37:36,CONFIRMED,J******1,12F,Nathan Mukhopadhyay,+91--XXXXXX-5629,85c7cdcc56c02aa5,2025,7,29,Tuesday
B1409,P1353,UK105,2026-03-24 11:37:36,CONFIRMED,C******5,28C,Akshay Reddy,+91--XXXXXX-6973,7a8a9d5f82ba70f9,2026,3,24,Tuesday
B1410,P1985,AI098,2026-04-13 11:37:36,CONFIRMED,C******7,32C,Girik Kar,+91--XXXXXX-7244,c26065cd728de124,2026,4,13,Monday
B1411,P1657,6F013,2025-10-12 11:37:36,CANCELLED,T******2,1A,Ishaan Shenoy,+91--XXXXXX-0131,6a45b0692cae1ce3,2025,10,12,Sunday
B1412,P1596,6F128,2025-11-18 11:37:36,CANCELLED,E******3,28E,Jacob Dube,+91--XXXXXX-1987,4c5eebfa773b21db,2025,11,18,Tuesday
B1413,P1099,SJ038,2025-10-05 11:37:36,UNKNOWN,W******7,14A,Wishi Manne,+91--XXXXXX-3192,da1732569f8e717b,2025,10,5,Sunday
B1414,P1615,SJ182,2026-01-07 11:37:36,CONFIRMED,T******7,25F,Yashodhara Mahajan,+91--XXXXXX-1680,149e4926e4a2d0d7,2026,1,7,Wednesday
B1415,P1947,6F199,2026-03-22 11:37:36,PENDING,L******6,23B,Ojasvi Subramanian,+91--XXXXXX-3723,b084c0f4b5382fc3,2026,3,22,Sunday
B1416,P1557,SJ187,2025-08-17 11:37:36,CANCELLED,X******5,20B,Urmi Kohli,+91--XXXXXX-6446,84e0570cc59b25d6,2025,8,17,Sunday
B1417,P1555,AI182,2025-08-18 11:37:36,PENDING,X******2,8E,Tanmayi Dhillon,+91--XXXXXX-7960,91f701789f18e769,2025,8,18,Monday
B1418,P1277,SJ027,2025-05-04 11:37:36,PENDING,A******7,19D,Leela Halder,+91--XXXXXX-4412,55f13954044a7733,2025,5,4,Sunday
B1419,P1692,SJ062,2026-01-20 11:37:36,CONFIRMED,B******4,20E,Yashoda Deshpande,+91--XXXXXX-8119,d7ec0c840be3566c,2026,1,20,Tuesday
B1420,P1698,SJ161,2026-02-24 11:37:36,CONFIRMED,N******1,27B,Ekaraj Majumdar,+91--XXXXXX-8349,0b4c31ec6e4be164,2026,2,24,Tuesday
B1421,P1989,UK058,2025-10-03 11:37:36,UNKNOWN,P******3,23C,Oeshi Oak,+91--XXXXXX-7587,75a5a48f226748f4,2025,10,3,Friday
B1422,P1625,AI181,2026-01-04 11:37:36,CANCELLED,G******9,12D,Yashica Loke,+91--XXXXXX-9552,5a03f5807136f2bc,2026,1,4,Sunday
B1423,P1490,AI003,2025-06-12 11:37:36,CONFIRMED,D******5,14A,Aarnav Mandal,+91--XXXXXX-4983,57233f080012cbbd,2025,6,12,Thursday
B1424,P1254,6F150,2025-11-05 11:37:36,CANCELLED,R******8,11D,Chanchal Suri,+91--XXXXXX-4194,d25bee39abb54cc6,2025,11,5,Wednesday
B1425,P1380,SJ175,2025-06-28 11:37:36,CANCELLED,G******4,34E,Manthan Sekhon,+91--XXXXXX-3711,dc56596ec28c0832,2025,6,28,Saturday
B1426,P1891,6F041,2025-12-15 11:37:36,CANCELLED,N******5,17C,Veda Pai,+91--XXXXXX-9164,4cda75a17018e711,2025,12,15,Monday
B1427,P1541,SJ040,2026-04-15 11:37:36,CANCELLED,J******9,16E,Gaurangi Purohit,+91--XXXXXX-8098,f37d2e684b1b0fa8,2026,4,15,Wednesday
B1428,P1263,6F020,2025-06-17 11:37:36,CONFIRMED,J******4,27C,Tamanna Nagy,+91--XXXXXX-9799,a8f1735c877d88f7,2025,6,17,Tuesday
B1429,P1609,AI248,2025-05-08 11:37:36,CANCELLED,W******8,27B,Ranbir Khare,+91--XXXXXX-1643,d0a5bd9da405b627,2025,5,8,Thursday
B1430,P1824,SJ016,2026-02-08 11:37:36,CONFIRMED,G******3,11A,Leela Kaur,+91--XXXXXX-0947,99847b09da79affd,2026,2,8,Sunday
B1431,P1878,UK204,2025-11-21 11:37:36,CONFIRMED,X******0,31C,Nirja Bassi,+91--XXXXXX-2572,c1c7579507cacfde,2025,11,21,Friday
B1432,P1328,6F211,2025-09-02 11:37:36,CANCELLED,M******9,9B,Eesha Solanki,+91--XXXXXX-8848,b1bc1dbb092fdd90,2025,9,2,Tuesday
B1433,P1114,SJ166,2025-05-07 11:37:36,CONFIRMED,A******6,5B,Lakshmi Raju,+91--XXXXXX-3703,36064a4fe30ce521,2025,5,7,Wednesday
B1434,P1275,AI036,2025-10-19 11:37:36,PENDING,B******3,30C,Max Tandon,+91--XXXXXX-8755,09a0d0412066589e,2025,10,19,Sunday
B1435,P1487,SJ215,2025-09-18 11:37:36,CONFIRMED,V******7,1E,Balhaar Date,+91--XXXXXX-2470,91a93919932bbfaa,2025,9,18,Thursday
B1436,P1280,AI076,2026-01-05 11:37:36,CONFIRMED,C******8,20B,Yadavi Narula,+91--XXXXXX-9786,d144262e45f4f2a5,2026,1,5,Monday
B1437,P1274,SJ012,2025-11-28 11:37:36,CANCELLED,L******8,24A,Harish Sarraf,+91--XXXXXX-6956,f85d120988c58050,2025,11,28,Friday
B1438,P1772,AI073,2026-04-01 11:37:36,UNKNOWN,F******3,20D,Harish Vora,+91--XXXXXX-4578,334c3ed866f17d0a,2026,4,1,Wednesday
B1439,P1842,SJ173,2025-11-09 11:37:36,CONFIRMED,J******7,27E,Tanmayi Aurora,+91--XXXXXX-5093,8d1152e769005dc7,2025,11,9,Sunday
B1440,P1718,AI193,2026-03-09 11:37:36,CANCELLED,W******4,25E,Maanas Rout,+91--XXXXXX-2446,605906a4e8cd14e2,2026,3,9,Monday
B1441,P1895,SJ131,2025-09-22 11:37:36,UNKNOWN,Z******4,13A,Mohammed Borde,+91--XXXXXX-5768,1770b55883b9bf83,2025,9,22,Monday
B1442,P1327,AI225,2025-06-02 11:37:36,PENDING,L******2,11E,Upasna Lanka,+91--XXXXXX-2524,32f7c909fad99503,2025,6,2,Monday
B1443,P1210,AI190,2025-10-09 11:37:36,CANCELLED,N******3,9E,Hamsini Rao,+91--XXXXXX-4504,3d8b2fb9a0f0a9ac,2025,10,9,Thursday
B1444,P1726,SJ238,2025-12-25 11:37:36,CONFIRMED,H******9,7B,Faris Narasimhan,+91--XXXXXX-5352,c59130e911833fcc,2025,12,25,Thursday
B1445,P1922,6F005,2025-12-21 11:37:36,PENDING,H******7,5F,Lajita Nadig,+91--XXXXXX-8689,7863045ac44fd60c,2025,12,21,Sunday
B1446,P1551,UK136,2025-09-25 11:37:36,PENDING,P******7,23C,Vinaya Banik,+91--XXXXXX-0651,e5c9a95700daee8a,2025,9,25,Thursday
B1447,P1991,SJ063,2025-05-21 11:37:36,CONFIRMED,B******2,15F,Ekapad Keer,+91--XXXXXX-2839,d83472766fbe573a,2025,5,21,Wednesday
B1448,P1025,6F175,2025-11-21 11:37:36,CANCELLED,T******0,9E,Bhavna Karan,+91--XXXXXX-9801,f518452942df3f77,2025,11,21,Friday
B1449,P1026,AI037,2025-05-23 11:37:36,PENDING,C******2,19A,Gautam Saraf,+91--XXXXXX-2828,2ee8ba460e87823b,2025,5,23,Friday
B1450,P1701,UK225,2025-11-11 11:37:36,CONFIRMED,R******7,21C,Guneet Chaudhry,+91--XXXXXX-7953,83a1d8efd502e449,2025,11,11,Tuesday
B1451,P1082,AI141,2025-05-20 11:37:36,CONFIRMED,Y******8,15E,Sachi Ganesan,+91--XXXXXX-8759,e3f52eb32984afcd,2025,5,20,Tuesday
B1452,P1895,6F172,2026-01-26 11:37:36,PENDING,T******5,3E,Chandani Balakrishnan,+91--XXXXXX-8446,ae93c225fb536b1b,2026,1,26,Monday
B1453,P1945,6F219,2026-02-07 11:37:36,CANCELLED,N******7,16F,Chakradhar Nair,+91--XXXXXX-4326,9840975f59bbb8ba,2026,2,7,Saturday
B1454,P1681,AI045,2025-08-16 11:37:36,PENDING,X******0,8E,Daksh Memon,+91--XXXXXX-0104,138c45b4185b9974,2025,8,16,Saturday
B1455,P1412,AI198,2026-04-12 11:37:36,CONFIRMED,B******1,30A,Jagrati Prasad,+91--XXXXXX-2579,8491a22a779242d8,2026,4,12,Sunday
B1456,P1166,AI120,2025-04-24 11:37:36,PENDING,B******9,17F,Raagini Dhingra,+91--XXXXXX-3796,243df08735745c61,2025,4,24,Thursday
B1457,P1699,6F134,2025-06-11 11:37:36,CANCELLED,Y******2,32D,Yash Wali,+91--XXXXXX-2082,eb6b8523eea206e4,2025,6,11,Wednesday
B1458,P1168,UK102,2025-11-19 11:37:36,CONFIRMED,H******4,10B,Nisha Gole,+91--XXXXXX-3841,1f8e42e0cc51f49c,2025,11,19,Wednesday
B1459,P1800,SJ199,2025-06-10 11:37:36,CANCELLED,F******3,1F,Onkar Gill,+91--XXXXXX-8817,ea9916651908d298,2025,6,10,Tuesday
B1460,P1978,6F235,2025-10-01 11:37:36,PENDING,K******8,32E,Farhan Raja,+91--XXXXXX-9563,518fce8f7f9e893d,2025,10,1,Wednesday
B1461,P1228,UK065,2025-10-14 11:37:36,PENDING,J******6,33F,Wridesh Tank,+91--XXXXXX-4497,65998a97580f96fd,2025,10,14,Tuesday
B1462,P1978,6F135,2025-12-03 11:37:36,CANCELLED,Y******2,26D,Luke Kata,+91--XXXXXX-3941,1ca6be938cc2cca6,2025,12,3,Wednesday
B1463,P1608,SJ148,2026-02-10 11:37:36,PENDING,Y******7,31C,Triya Kumar,+91--XXXXXX-7988,440ee4fb1f5b643f,2026,2,10,Tuesday
B1464,P1366,AI083,2026-03-07 11:37:36,CANCELLED,M******5,6B,Tripti Kumer,+91--XXXXXX-5287,c3fc838d9751f11c,2026,3,7,Saturday
B1465,P1527,UK024,2025-07-02 11:37:36,PENDING,Z******1,5C,Aditya Shroff,+91--XXXXXX-9035,66f339b3a90908e1,2025,7,2,Wednesday
B1466,P1790,UK220,2025-04-27 11:37:36,CANCELLED,B******3,28B,Bhavna Dugar,+91--XXXXXX-2257,afbb3aeccbc4f787,2025,4,27,Sunday
B1467,P1646,UK115,2025-04-30 11:37:36,CANCELLED,E******6,25A,Ethan Sathe,+91--XXXXXX-4253,3d377c591bf0a898,2025,4,30,Wednesday
B1468,P1537,AI255,2025-07-16 11:37:36,CONFIRMED,J******3,14F,Hemani Mistry,+91--XXXXXX-2325,1da27ec8378034ee,2025,7,16,Wednesday
B1469,P1863,6F001,2025-12-25 11:37:36,CONFIRMED,Z******3,11A,Panini Krishna,+91--XXXXXX-6316,656408fa3e1b171a,2025,12,25,Thursday
B1470,P1523,6F132,2025-05-27 11:37:36,CANCELLED,E******1,24E,Tanmayi Mittal,+91--XXXXXX-0375,16fb30e115485838,2025,5,27,Tuesday
B1471,P1071,UK184,2026-03-28 11:37:36,PENDING,W******1,8E,Rushil Rajagopalan,+91--XXXXXX-4844,76251d863d7ebf16,2026,3,28,Saturday
B1472,P1644,6F098,2025-06-06 11:37:36,PENDING,W******0,3D,Vasudha Chhabra,+91--XXXXXX-1373,6c01043317aff15d,2025,6,6,Friday
B1473,P1105,SJ168,2025-07-19 11:37:36,PENDING,V******8,21F,Warjas Raj,+91--XXXXXX-8854,98ffa17e477277bb,2025,7,19,Saturday
B1474,P1731,SJ178,2025-07-28 11:37:36,CANCELLED,N******2,14C,Jagrati Merchant,+91--XXXXXX-6881,5aa5e179ca5a776a,2025,7,28,Monday
B1475,P1884,UK111,2026-03-07 11:37:36,CANCELLED,Y******2,2C,Chakrika Bains,+91--XXXXXX-5334,58fad829bca7df03,2026,3,7,Saturday
B1476,P1964,SJ051,2026-02-27 11:37:36,CANCELLED,K******4,32E,Meghana Maharaj,+91--XXXXXX-7876,7f5167d7c2e57d44,2026,2,27,Friday
B1477,P1688,SJ193,2025-07-06 11:37:36,CANCELLED,T******9,18E,Abhiram Bawa,+91--XXXXXX-4320,52942750509888fb,2025,7,6,Sunday
B1478,P1281,SJ039,2026-02-24 11:37:36,CONFIRMED,F******3,28D,Watika Mangat,+91--XXXXXX-0683,4327a80129691e87,2026,2,24,Tuesday
B1479,P1132,UK066,2025-12-17 11:37:36,CANCELLED,F******8,22B,Victor Pandey,+91--XXXXXX-6229,9cdb46f317073c8b,2025,12,17,Wednesday
B1480,P1533,SJ050,2026-03-14 11:37:36,PENDING,D******3,34B,Theodore Gupta,+91--XXXXXX-6905,3ae90ac064ca584c,2026,3,14,Saturday
B1481,P1974,6F052,2025-06-11 11:37:36,CONFIRMED,W******0,4D,Zashil Devan,+91--XXXXXX-8664,16606c7008be01fd,2025,6,11,Wednesday
B1482,P1268,SJ170,2025-08-29 11:37:36,PENDING,P******8,14E,Gunbir Baral,+91--XXXXXX-6092,efc12f90259f0e02,2025,8,29,Friday
B1483,P1411,SJ119,2025-06-09 11:37:36,UNKNOWN,G******1,26B,Dayamai Sastry,+91--XXXXXX-9169,3ba3398e0e9a1fc5,2025,6,9,Monday
B1484,P1672,AI219,2025-05-07 11:37:36,CONFIRMED,D******1,13B,Bahadurjit Patla,+91--XXXXXX-6412,cd8d215343239b76,2025,5,7,Wednesday
B1485,P1618,6F220,2025-07-05 11:37:36,CANCELLED,H******5,12D,Karan Chana,+91--XXXXXX-6833,26cba50ea7bf7c99,2025,7,5,Saturday
B1486,P1790,AI207,2025-05-04 11:37:36,CONFIRMED,T******1,3D,Chakrika Narain,+91--XXXXXX-7259,9b641f13e96ae652,2025,5,4,Sunday
B1487,P1864,6F024,2026-01-26 11:37:36,PENDING,X******3,5E,Ojasvi Gill,+91--XXXXXX-2871,b31dc80f71bcc901,2026,1,26,Monday
B1488,P1746,SJ073,2025-05-04 11:37:36,CANCELLED,Y******5,27E,Sai Deo,+91--XXXXXX-3418,83c485dd77c74ff9,2025,5,4,Sunday
B1489,P1017,SJ201,2025-07-08 11:37:36,CANCELLED,K******6,24F,Jasmit Wali,+91--XXXXXX-4879,31e8945fe990c438,2025,7,8,Tuesday
B1490,P1753,AI180,2026-03-10 11:37:36,CONFIRMED,N******5,29B,Yachana Mahajan,+91--XXXXXX-2386,6e5e257155a54b44,2026,3,10,Tuesday
B1491,P1116,UK022,2025-07-16 11:37:36,CONFIRMED,V******9,18F,Nitesh Kurian,+91--XXXXXX-4694,92b6b163b6a3706a,2025,7,16,Wednesday
B1492,P1797,AI202,2026-03-27 11:37:36,CANCELLED,Z******0,29C,Vasatika Merchant,+91--XXXXXX-3773,8cd160eada929d8d,2026,3,27,Friday
B1493,P1793,6F212,2025-06-01 11:37:36,CONFIRMED,Y******9,26D,Hamsini Contractor,+91--XXXXXX-0915,e25e1620f2cff14a,2025,6,1,Sunday
B1494,P1143,6F163,2025-06-09 11:37:36,CANCELLED,A******8,23F,Upadhriti Borra,+91--XXXXXX-9861,b745b27ee21cb451,2025,6,9,Monday
B1495,P1716,UK028,2025-10-15 11:37:36,CONFIRMED,J******1,27D,Lohit Kara,+91--XXXXXX-4823,a5f3a5bcde052242,2025,10,15,Wednesday
B1496,P1550,6F243,2026-03-21 11:37:36,PENDING,R******8,7D,Mekhala Pau,+91--XXXXXX-9307,70613bf53f0cefdc,2026,3,21,Saturday
B1497,P1928,AI165,2025-09-02 11:37:36,CONFIRMED,X******9,11F,Gautam Rana,+91--XXXXXX-3751,5fccb3d4aaaa7500,2025,9,2,Tuesday
B1498,P1665,UK099,2025-07-18 11:37:36,PENDING,L******7,3D,Akshay Lalla,+91--XXXXXX-4113,b93108c4dc679637,2025,7,18,Friday
B1499,P1687,AI033,2025-06-17 11:37:36,UNKNOWN,W******8,17C,Jatin Sha,+91--XXXXXX-6364,559168d5a6df8d58,2025,6,17,Tuesday
B1500,P1960,UK056,2025-04-30 11:37:36,CONFIRMED,H******0,22D,Jyoti Lala,+91--XXXXXX-5186,15672a552e5b4c01,2025,4,30,Wednesday
B1501,P1752,SJ122,2025-09-04 11:37:36,CANCELLED,W******1,23D,Lakshmi Prabhu,+91--XXXXXX-3227,62baac9691833af4,2025,9,4,Thursday
B1502,P1421,AI086,2025-10-15 11:37:36,CONFIRMED,E******0,23F,Hritik Kaur,+91--XXXXXX-9285,18baae2e98a5500c,2025,10,15,Wednesday
B1503,P1897,SJ011,2025-10-17 11:37:36,CONFIRMED,N******5,25C,Urishilla Bakshi,+91--XXXXXX-3000,5bf0b78d79c07517,2025,10,17,Friday
B1504,P1368,SJ021,2025-04-21 11:37:36,PENDING,J******7,4E,Falak Kant,+91--XXXXXX-2210,1b86878d4fe9edb4,2025,4,21,Monday
B1505,P1645,SJ106,2025-11-29 11:37:36,CONFIRMED,A******0,8F,Dev Shetty,+91--XXXXXX-8147,6f38b4b3422cacf3,2025,11,29,Saturday
B1506,P1557,SJ026,2026-01-29 11:37:36,CANCELLED,M******4,9E,Chasmum Rege,+91--XXXXXX-4300,183c5d56f867ddf8,2026,1,29,Thursday
B1507,P1049,SJ245,2025-11-27 11:37:36,PENDING,T******2,20A,Jackson Dey,+91--XXXXXX-7266,b65a1bf17d0208c4,2025,11,27,Thursday
B1508,P1677,AI023,2025-07-31 11:37:36,UNKNOWN,E******7,9C,Chakradev Barad,+91--XXXXXX-0857,c95de1d5fcb86a5b,2025,7,31,Thursday
B1509,P1105,AI032,2025-09-25 11:37:36,CANCELLED,F******3,14F,Daksha Tailor,+91--XXXXXX-2022,bd452d8d27de467b,2025,9,25,Thursday
B1510,P1215,AI236,2025-05-11 11:37:36,CANCELLED,A******8,19F,Jack Chatterjee,+91--XXXXXX-4326,cfaad6efd813fc60,2025,5,11,Sunday
B1511,P1657,6F094,2025-12-24 11:37:36,CANCELLED,Y******3,15C,Wahab Yogi,+91--XXXXXX-5952,89a9c12d1dc9ccb6,2025,12,24,Wednesday
B1512,P1922,UK163,2025-12-21 11:37:36,PENDING,C******2,4A,Krishna Rama,+91--XXXXXX-9229,09d9bcfa90f58ca6,2025,12,21,Sunday
B1513,P1424,UK163,2025-06-30 11:37:36,CONFIRMED,E******7,32B,Sudiksha Prabhakar,+91--XXXXXX-9146,ef0b2536ccb40cec,2025,6,30,Monday
B1514,P1071,SJ045,2025-05-07 11:37:36,CANCELLED,J******5,21E,Oni Dubey,+91--XXXXXX-6774,b9e3f19799e134d3,2025,5,7,Wednesday
B1515,P1987,SJ006,2025-07-06 11:37:36,PENDING,F******1,26A,Oeshi Chaudhary,+91--XXXXXX-1986,efe389478efcb94b,2025,7,6,Sunday
B1516,P1841,SJ103,2025-08-05 11:37:36,CANCELLED,M******0,34F,Vrishti Reddy,+91--XXXXXX-1214,72849d18ea8a7874,2025,8,5,Tuesday
B1517,P1784,6F221,2026-01-16 11:37:36,UNKNOWN,K******4,31B,Ati Bali,+91--XXXXXX-2215,af5b193d4ec256de,2026,1,16,Friday
B1518,P1758,SJ147,2026-03-20 11:37:36,UNKNOWN,G******1,30A,Kamala Kalla,+91--XXXXXX-4061,d7283b39c3fe77f9,2026,3,20,Friday
B1519,P1445,SJ064,2026-03-25 11:37:36,PENDING,K******3,3C,Sachi Saxena,+91--XXXXXX-0765,594b02f197c75728,2026,3,25,Wednesday
B1520,P1924,AI028,2026-04-02 11:37:36,CONFIRMED,V******3,27A,Warinder Patil,+91--XXXXXX-3299,807a8f826440409c,2026,4,2,Thursday
B1521,P1185,AI148,2025-11-08 11:37:36,PENDING,G******8,31E,Hardik Pillai,+91--XXXXXX-9694,2618b74649b0159f,2025,11,8,Saturday
B1522,P1069,6F263,2025-08-31 11:37:36,CONFIRMED,W******3,1C,Jagrati Bhat,+91--XXXXXX-9631,c54b536b431939c5,2025,8,31,Sunday
B1523,P1973,SJ067,2025-05-19 11:37:36,PENDING,L******6,21F,Mitali Majumdar,+91--XXXXXX-3458,666f0dba8c376aa7,2025,5,19,Monday
B1524,P1149,6F061,2025-06-17 11:37:36,PENDING,H******1,23D,Ranveer Das,+91--XXXXXX-4363,a09bbc72ebec5fba,2025,6,17,Tuesday
B1525,P1245,AI254,2025-05-29 11:37:36,UNKNOWN,K******6,11E,Suhani Chand,+91--XXXXXX-3227,b71e159c12990f94,2025,5,29,Thursday
B1526,P1773,SJ136,2025-11-15 11:37:36,CONFIRMED,C******9,17D,Simon Bail,+91--XXXXXX-2969,ec02a426680b0d1c,2025,11,15,Saturday
B1527,P1537,AI046,2025-07-09 11:37:36,PENDING,L******0,8A,Chandresh Nath,+91--XXXXXX-3822,b5569cfaa132698c,2025,7,9,Wednesday
B1528,P1934,UK174,2026-03-28 11:37:36,PENDING,H******1,6E,Yagnesh Dass,+91--XXXXXX-4067,10fa1b17a6a9d6a8,2026,3,28,Saturday
B1529,P1651,6F066,2025-04-30 11:37:36,UNKNOWN,V******8,34C,Samesh Biswas,+91--XXXXXX-8533,76cb3e3e66c6db69,2025,4,30,Wednesday
B1530,P1098,UK095,2025-12-08 11:37:36,UNKNOWN,M******9,23E,Sarthak Kalita,+91--XXXXXX-4054,1df75f6a542ba6b0,2025,12,8,Monday
B1531,P1909,6F063,2026-04-01 11:37:36,PENDING,D******9,30F,Viraj Narasimhan,+91--XXXXXX-0108,158f5036240ab828,2026,4,1,Wednesday
B1532,P1277,UK118,2025-04-22 11:37:36,PENDING,E******1,30A,Manbir Agate,+91--XXXXXX-4314,621de2a0151de9f0,2025,4,22,Tuesday
B1533,P1562,UK218,2025-09-15 11:37:36,PENDING,X******3,28D,Aradhana Dhillon,+91--XXXXXX-4584,430eedb9d1e01136,2025,9,15,Monday
B1534,P1662,UK031,2025-09-11 11:37:36,CONFIRMED,N******3,34E,Kalpit Zachariah,+91--XXXXXX-8286,ba5e386a86c452e5,2025,9,11,Thursday
B1535,P1943,UK142,2026-04-02 11:37:36,PENDING,P******7,6C,Zashil Ghosh,+91--XXXXXX-5314,f15106561bcbb90c,2026,4,2,Thursday
B1536,P1454,AI002,2025-06-01 11:37:36,UNKNOWN,A******7,4C,Imaran Bal,+91--XXXXXX-6512,ec0b9047e0be3123,2025,6,1,Sunday
B1537,P1103,UK070,2025-10-08 11:37:36,CONFIRMED,W******1,21F,Karan Aurora,+91--XXXXXX-5625,7d4818ebe831facf,2025,10,8,Wednesday
B1538,P1945,SJ121,2026-03-17 11:37:36,PENDING,R******1,8E,Ishita Khanna,+91--XXXXXX-9144,075187e81de7221d,2026,3,17,Tuesday
B1539,P1600,UK201,2025-06-11 11:37:36,CONFIRMED,X******7,20B,Ekiya Babu,+91--XXXXXX-9059,7550b5cc58c45d24,2025,6,11,Wednesday
B1540,P1652,AI138,2026-01-15 11:37:36,CANCELLED,D******5,7E,Owen Lanka,+91--XXXXXX-6491,a5f49e42abeca33c,2026,1,15,Thursday
B1541,P1724,SJ014,2025-12-16 11:37:36,CONFIRMED,K******3,26A,Charles Date,+91--XXXXXX-9845,bbfb3f24e94ba17c,2025,12,16,Tuesday
B1542,P1232,SJ053,2025-12-13 11:37:36,PENDING,V******1,14F,Oviya Vora,+91--XXXXXX-0037,ecddee57cfe6f1ae,2025,12,13,Saturday
B1543,P1393,SJ241,2025-06-16 11:37:36,CANCELLED,Y******9,4F,Ishaan Bhatt,+91--XXXXXX-0271,71dbf6de9e402eb9,2025,6,16,Monday
B1544,P1500,AI249,2025-09-01 11:37:36,CANCELLED,L******7,16A,Vamakshi Sen,+91--XXXXXX-6093,57f50c642b818721,2025,9,1,Monday
B1545,P1694,AI176,2026-03-08 11:37:36,PENDING,N******5,8A,Janaki Varghese,+91--XXXXXX-5520,105ae432b7fc8f13,2026,3,8,Sunday
B1546,P1250,SJ234,2026-04-02 11:37:36,PENDING,H******7,32B,Ikbal Seth,+91--XXXXXX-0567,e875a8177dfae0d5,2026,4,2,Thursday
B1547,P1520,6F115,2025-04-18 11:37:36,PENDING,F******5,16C,Yahvi Kant,+91--XXXXXX-7207,acff981d65d59b83,2025,4,18,Friday
B1548,P1078,AI020,2025-10-04 11:37:36,CONFIRMED,C******0,7E,Caleb Verma,+91--XXXXXX-2739,6c69bcccd0d5ba02,2025,10,4,Saturday
B1549,P1051,AI020,2025-12-16 11:37:36,CONFIRMED,Z******0,24A,Charvi Shanker,+91--XXXXXX-9899,2e50d84e996d6ea0,2025,12,16,Tuesday
B1550,P1897,6F079,2025-12-06 11:37:36,CONFIRMED,W******4,10D,Azaan Bhat,+91--XXXXXX-8049,af0e5414678f55c0,2025,12,6,Saturday
B1551,P1920,6F104,2025-11-14 11:37:36,UNKNOWN,P******7,8E,Varenya Ratti,+91--XXXXXX-1188,a3ecf3dedf58508b,2025,11,14,Friday
B1552,P1780,UK046,2026-02-06 11:37:36,PENDING,L******6,32D,Pooja Chokshi,+91--XXXXXX-5811,7b81beb63728822f,2026,2,6,Friday
B1553,P1225,SJ217,2025-11-15 11:37:36,CONFIRMED,Y******4,33D,Vritti Sawhney,+91--XXXXXX-1142,3afb04e1501b9cb8,2025,11,15,Saturday
B1554,P1050,6F142,2025-08-26 11:37:36,CANCELLED,M******7,8D,Ethan Buch,+91--XXXXXX-9652,1936d98b52c60e2a,2025,8,26,Tuesday
B1555,P1185,SJ139,2026-04-04 11:37:36,CONFIRMED,A******4,3B,Ekanta Divan,+91--XXXXXX-2397,ab09db2fdb12e930,2026,4,4,Saturday
B1556,P1033,6F059,2026-01-18 11:37:36,CANCELLED,X******8,31D,Dominic Date,+91--XXXXXX-2837,7014cc13cb8cfa18,2026,1,18,Sunday
B1557,P1802,6F067,2025-08-10 11:37:36,PENDING,H******0,17A,Anvi Nair,+91--XXXXXX-6950,0c0f2c52a3eadc84,2025,8,10,Sunday
B1558,P1741,AI007,2025-08-07 11:37:36,PENDING,A******8,27A,Lakshmi Wali,+91--XXXXXX-6792,4930e35080c48ab2,2025,8,7,Thursday
B1559,P1130,UK202,2026-01-20 11:37:36,CONFIRMED,E******4,5F,Chaitaly Setty,+91--XXXXXX-9332,d5a676ecd36f5afc,2026,1,20,Tuesday
B1560,P1631,AI200,2026-03-07 11:37:36,CONFIRMED,C******0,18C,Yashasvi Sani,+91--XXXXXX-1527,77c61b57ac5b3cee,2026,3,7,Saturday
B1561,P1442,UK172,2026-01-27 11:37:36,PENDING,B******2,18C,Hardik Contractor,+91--XXXXXX-8123,124ea48548d3db4f,2026,1,27,Tuesday
B1562,P1837,6F214,2025-05-01 11:37:36,CONFIRMED,Z******1,10B,Tanveer Sani,+91--XXXXXX-0671,e47e002b53d4e80a,2025,5,1,Thursday
B1563,P1758,UK037,2025-09-11 11:37:36,PENDING,R******4,27B,Siya Kari,+91--XXXXXX-2002,e7674b30369da2cc,2025,9,11,Thursday
B1564,P1431,AI022,2025-08-14 11:37:36,PENDING,M******0,17F,Odika Nori,+91--XXXXXX-3793,30f4e341fb4d9429,2025,8,14,Thursday
B1565,P1703,AI243,2026-02-06 11:37:36,CANCELLED,P******3,20D,Sudiksha Rastogi,+91--XXXXXX-3185,3dbee93595cc03b2,2026,2,6,Friday
B1566,P1496,SJ174,2025-10-08 11:37:36,CONFIRMED,N******6,29F,Ojasvi Chandran,+91--XXXXXX-6762,43a4a52f43dbacf2,2025,10,8,Wednesday
B1567,P1402,SJ079,2025-11-13 11:37:36,PENDING,E******6,9A,Dhriti Sane,+91--XXXXXX-1070,e73046a57b50b3a9,2025,11,13,Thursday
B1568,P1322,UK097,2025-12-21 11:37:36,CONFIRMED,P******7,21A,Dhriti Kumer,+91--XXXXXX-2658,d40683e5866dfdc6,2025,12,21,Sunday
B1569,P1209,AI013,2025-12-26 11:37:36,CANCELLED,T******7,14E,Kavya Dua,+91--XXXXXX-3310,98a073708f58eb61,2025,12,26,Friday
B1570,P1614,UK196,2025-11-21 11:37:36,CANCELLED,G******3,25E,Urvi Bhavsar,+91--XXXXXX-2605,4c41168c134e065c,2025,11,21,Friday
B1571,P1328,SJ213,2025-11-06 11:37:36,CONFIRMED,V******1,2C,Gavin Chada,+91--XXXXXX-7878,2821dfd530671ab7,2025,11,6,Thursday
B1572,P1371,UK119,2025-05-26 11:37:36,CONFIRMED,J******8,5D,Girik Sankaran,+91--XXXXXX-5075,c1173e2444a33d5d,2025,5,26,Monday
B1573,P1459,AI043,2026-03-18 11:37:36,PENDING,J******4,19B,Gopal Pradhan,+91--XXXXXX-3229,f0eba3a91c8f41c9,2026,3,18,Wednesday
B1574,P1132,AI043,2025-04-29 11:37:36,CANCELLED,E******3,18A,Kalpit Bhasin,+91--XXXXXX-9310,4437d39cf8327d67,2025,4,29,Tuesday
B1575,P1834,AI143,2025-06-16 11:37:36,CANCELLED,A******6,2B,Forum Das,+91--XXXXXX-6952,b29fe59a5dc7a04a,2025,6,16,Monday
B1576,P1650,SJ032,2025-10-20 11:37:36,UNKNOWN,Z******6,6F,Nirja Pandya,+91--XXXXXX-0459,f795ea57253f6e0d,2025,10,20,Monday
B1577,P1120,6F050,2026-01-24 11:37:36,CONFIRMED,K******9,23A,Pallavi Behl,+91--XXXXXX-7918,39807dde53775980,2026,1,24,Saturday
B1578,P1605,AI134,2025-12-25 11:37:36,PENDING,E******9,6B,Bhavna Muni,+91--XXXXXX-9506,980c72cefa00e5ef,2025,12,25,Thursday
B1579,P1451,6F182,2025-04-24 11:37:36,CONFIRMED,N******8,28E,Indira Chawla,+91--XXXXXX-9676,82b85f7b7410e6fe,2025,4,24,Thursday
B1580,P1964,SJ086,2025-10-08 11:37:36,CONFIRMED,G******4,20D,Yashica Kala,+91--XXXXXX-8537,f3b6c27630ce9a99,2025,10,8,Wednesday
B1581,P1128,6F170,2025-08-06 11:37:36,CONFIRMED,V******9,3D,Mohammed Subramaniam,+91--XXXXXX-9860,8c52abea8fa79257,2025,8,6,Wednesday
B1582,P1090,UK168,2025-04-24 11:37:36,PENDING,X******6,34B,Udarsh Chokshi,+91--XXXXXX-9275,6e81f35e3dd5c6e9,2025,4,24,Thursday
B1583,P1603,SJ072,2026-02-22 11:37:36,UNKNOWN,Z******4,33D,Inaya Pillai,+91--XXXXXX-0940,0006a4e3dbd7a209,2026,2,22,Sunday
B1584,P1574,UK075,2025-04-28 11:37:36,CANCELLED,B******6,21C,Ishwar Mallick,+91--XXXXXX-7633,1928522441bf16cc,2025,4,28,Monday
B1585,P1028,6F233,2026-01-08 11:37:36,CANCELLED,E******2,1C,Upkaar Sanghvi,+91--XXXXXX-9970,437b68d1d1b9e0d1,2026,1,8,Thursday
B1586,P1721,SJ143,2025-11-13 11:37:36,CANCELLED,G******8,25B,Atharv Loke,+91--XXXXXX-4180,472f15f03c7b3ad5,2025,11,13,Thursday
B1587,P1523,SJ246,2025-06-28 11:37:36,PENDING,N******0,34E,Ayush Gole,+91--XXXXXX-4298,9c7a3cd252ceb57a,2025,6,28,Saturday
B1588,P1332,SJ247,2025-11-04 11:37:36,CONFIRMED,J******6,10B,Anjali More,+91--XXXXXX-1813,35969e7774456c26,2025,11,4,Tuesday
B1589,P1296,UK157,2025-08-31 11:37:36,PENDING,T******9,3D,Harinakshi Panchal,+91--XXXXXX-8641,ca34db2e1447904d,2025,8,31,Sunday
B1590,P1129,UK069,2026-04-01 11:37:36,CONFIRMED,L******4,25B,Abeer Golla,+91--XXXXXX-8124,09982710ad58f5c2,2026,4,1,Wednesday
B1591,P1292,AI106,2025-11-20 11:37:36,CANCELLED,A******6,8A,Luke Rattan,+91--XXXXXX-3665,00e8656d9912a3c4,2025,11,20,Thursday
B1592,P1172,UK085,2025-11-17 11:37:36,CONFIRMED,C******8,24F,Ekaraj Dhar,+91--XXXXXX-0691,fd62e6ab84ce2fd5,2025,11,17,Monday
B1593,P1719,6F087,2025-09-24 11:37:36,UNKNOWN,V******4,1A,Azaan Chand,+91--XXXXXX-6311,f03be727e3c369a7,2025,9,24,Wednesday
B1594,P1943,AI067,2025-06-01 11:37:36,CONFIRMED,L******5,25E,Tanveer Puri,+91--XXXXXX-0775,09ef6afe4944d549,2025,6,1,Sunday
B1595,P1023,6F226,2026-01-07 11:37:36,PENDING,X******1,4E,Oni Setty,+91--XXXXXX-5375,a060c60c16e85828,2026,1,7,Wednesday
B1596,P1098,SJ210,2025-12-20 11:37:36,CONFIRMED,Z******2,15E,Harita Dugar,+91--XXXXXX-7815,0ffb2b91be3c6223,2025,12,20,Saturday
B1597,P1405,6F269,2025-10-23 11:37:36,CONFIRMED,K******5,33A,Kala Muni,+91--XXXXXX-6201,bc83dbe0ac8c6aaa,2025,10,23,Thursday
B1598,P1355,UK013,2026-01-02 11:37:36,CONFIRMED,L******4,11B,Ekta Chad,+91--XXXXXX-4577,d0ce0d504eb2d6a0,2026,1,2,Friday
B1599,P1138,UK013,2025-09-30 11:37:36,PENDING,A******8,9E,Charles Dugal,+91--XXXXXX-6733,4f95a2e8a3307348,2025,9,30,Tuesday
B1600,P1502,UK143,2025-07-20 11:37:36,PENDING,W******9,2C,Nakul Bawa,+91--XXXXXX-9966,2e1ae3a9bd5cfeca,2025,7,20,Sunday
B1601,P1825,6F262,2025-09-07 11:37:36,PENDING,B******4,28D,Finn Magar,+91--XXXXXX-8100,49db98c9c0941e8d,2025,9,7,Sunday
B1602,P1173,6F042,2025-07-07 11:37:36,UNKNOWN,C******1,2A,Saanvi Samra,+91--XXXXXX-9344,1ea4b3d4d49a9044,2025,7,7,Monday
B1603,P1028,SJ118,2025-12-06 11:37:36,CANCELLED,E******0,17E,Vedika Sathe,+91--XXXXXX-8468,92d1c3e9e1e25032,2025,12,6,Saturday
B1604,P1930,SJ118,2025-11-17 11:37:36,CANCELLED,T******6,3C,Oeshi Mahajan,+91--XXXXXX-9471,aa67d3b2cdddfa2a,2025,11,17,Monday
B1605,P1495,SJ082,2025-10-03 11:37:36,CANCELLED,R******9,6C,Tanveer Vala,+91--XXXXXX-8238,5b92d98659be2c9c,2025,10,3,Friday
B1606,P1654,6F015,2025-07-18 11:37:36,CONFIRMED,M******3,23E,Ishaan Pai,+91--XXXXXX-0192,7d13253309c8b390,2025,7,18,Friday
B1607,P1827,AI101,2026-02-02 11:37:36,UNKNOWN,T******2,30F,Qushi Choudhry,+91--XXXXXX-3146,d39a629ddfe21be4,2026,2,2,Monday
B1608,P1350,SJ110,2025-06-28 11:37:36,CANCELLED,R******6,10B,Bhanumati Sur,+91--XXXXXX-6165,78ec0358106c984a,2025,6,28,Saturday
B1609,P1553,SJ042,2025-10-21 11:37:36,CANCELLED,Y******9,19D,Darika Bath,+91--XXXXXX-5414,90b72832b7cee622,2025,10,21,Tuesday
B1610,P1298,6F145,2025-10-13 11:37:36,CONFIRMED,C******0,27A,Thomas Rana,+91--XXXXXX-3593,ec9731024def39b3,2025,10,13,Monday
B1611,P1719,UK029,2026-01-05 11:37:36,CANCELLED,X******4,14C,Christopher Amble,+91--XXXXXX-4892,a4995690e3320352,2026,1,5,Monday
B1612,P1841,SJ200,2025-04-18 11:37:36,CANCELLED,P******5,28C,Samarth Mitra,+91--XXXXXX-3103,e761b7f090ed95f7,2025,4,18,Friday
B1613,P1944,SJ209,2026-01-29 11:37:36,CONFIRMED,M******4,6A,Siddharth Devan,+91--XXXXXX-0449,a92d7917e7099554,2026,1,29,Thursday
B1614,P1191,AI116,2025-05-11 11:37:36,UNKNOWN,Y******2,30B,Aadhya Mann,+91--XXXXXX-0528,ac8aa4ad4379de85,2025,5,11,Sunday
B1615,P1671,6F117,2025-05-23 11:37:36,CANCELLED,P******8,33B,Falak Dar,+91--XXXXXX-8111,deb24dd447247546,2025,5,23,Friday
B1616,P1063,SJ181,2025-12-23 11:37:36,PENDING,V******6,17A,Abhimanyu Tank,+91--XXXXXX-1327,fed127270840698a,2025,12,23,Tuesday
B1617,P1754,AI070,2025-05-10 11:37:36,UNKNOWN,D******3,18A,Qushi Gill,+91--XXXXXX-8704,fcba771461e64e8d,2025,5,10,Saturday
B1618,P1769,AI070,2026-01-19 11:37:36,CONFIRMED,A******6,1B,Kai Rai,+91--XXXXXX-9430,9642fbd590fd70f9,2026,1,19,Monday
B1619,P1663,UK042,2026-02-05 11:37:36,PENDING,D******0,13A,Victor Tella,+91--XXXXXX-2740,72a0d4c1a8ef9fa9,2026,2,5,Thursday
B1620,P1214,AI169,2026-02-24 11:37:36,PENDING,X******0,1B,Irya Bora,+91--XXXXXX-9727,f306c183c66b1956,2026,2,24,Tuesday
B1621,P1833,6F021,2025-12-21 11:37:36,PENDING,D******8,27A,Mekhala Basak,+91--XXXXXX-3445,bfe92bb27ff48be3,2025,12,21,Sunday
B1622,P1165,SJ046,2025-06-23 11:37:36,PENDING,N******1,19F,Rajata Bahl,+91--XXXXXX-2713,a06e79a31b798a51,2025,6,23,Monday
B1623,P1542,AI211,2025-08-17 11:37:36,CANCELLED,V******7,22B,Tripti Brahmbhatt,+91--XXXXXX-0353,b08dfe0eb47e8b97,2025,8,17,Sunday
B1624,P1882,SJ091,2025-12-20 11:37:36,CANCELLED,F******7,34F,Dhriti Sanghvi,+91--XXXXXX-5944,2ade24e0176e5955,2025,12,20,Saturday
B1625,P1231,AI123,2026-04-05 11:37:36,PENDING,E******6,7D,Nidhi Sahni,+91--XXXXXX-8999,c8c230e996011574,2026,4,5,Sunday
B1626,P1793,6F053,2025-04-17 11:37:36,CANCELLED,V******9,25C,Bimala Contractor,+91--XXXXXX-3732,5b0d3ed57ffca468,2025,4,17,Thursday
B1627,P1540,UK012,2026-01-09 11:37:36,PENDING,D******7,27E,Nidhi Bail,+91--XXXXXX-8394,166e7fcdf1e8d07a,2026,1,9,Friday
B1628,P1194,6F023,2025-11-25 11:37:36,PENDING,F******7,33A,Ekta Garg,+91--XXXXXX-1638,2fc8b3b9a926fb81,2025,11,25,Tuesday
B1629,P1505,AI250,2026-01-02 11:37:36,CONFIRMED,Z******2,11A,Triveni Pathak,+91--XXXXXX-5072,fd20827649de37c3,2026,1,2,Friday
B1630,P1333,AI238,2026-04-07 11:37:36,PENDING,B******4,26F,Gaurang Sarkar,+91--XXXXXX-2269,7580b2572a69c395,2026,4,7,Tuesday
B1631,P1767,UK096,2026-02-17 11:37:36,CANCELLED,N******3,24F,Hitesh Kohli,+91--XXXXXX-8353,5b5fc40f6dcc442c,2026,2,17,Tuesday
B1632,P1792,UK126,2026-03-30 11:37:36,PENDING,L******1,1D,Rajata Rattan,+91--XXXXXX-0781,a5d922bae7540469,2026,3,30,Monday
B1633,P1303,SJ195,2025-08-30 11:37:36,CONFIRMED,G******3,8E,Farhan Randhawa,+91--XXXXXX-1769,130eb016002edccc,2025,8,30,Saturday
B1634,P1832,SJ171,2025-12-25 11:37:36,CANCELLED,E******0,1C,Dayita Nori,+91--XXXXXX-5198,42ba74f0f446593c,2025,12,25,Thursday
B1635,P1436,AI136,2025-08-14 11:37:36,UNKNOWN,P******2,7C,Timothy Nath,+91--XXXXXX-1859,7f5b1a07b4a9c4e1,2025,8,14,Thursday
B1636,P1322,SJ192,2025-05-27 11:37:36,CONFIRMED,T******3,22B,Om Bose,+91--XXXXXX-4980,e448455802d3d016,2025,5,27,Tuesday
B1637,P1501,6F035,2025-12-01 11:37:36,PENDING,C******7,27C,Yashvi Comar,+91--XXXXXX-0528,416b06d2a281c4c5,2025,12,1,Monday
B1638,P1857,UK088,2026-02-23 11:37:36,CONFIRMED,V******8,22C,Yashvi Hari,+91--XXXXXX-4781,bc25ab2d361611e7,2026,2,23,Monday
B1639,P1913,6F009,2025-09-14 11:37:36,CONFIRMED,W******3,24E,Ikshita Panchal,+91--XXXXXX-3873,fae4e86e71367025,2025,9,14,Sunday
B1640,P1392,6F004,2026-01-28 11:37:36,CANCELLED,D******9,30B,Manbir Keer,+91--XXXXXX-4451,cbc6fcad2f175308,2026,1,28,Wednesday
B1641,P1805,UK122,2026-03-27 11:37:36,UNKNOWN,N******4,28D,Harshil Dhingra,+91--XXXXXX-9571,db2fad6b6a58154b,2026,3,27,Friday
B1642,P1598,AI251,2026-02-15 11:37:36,PENDING,B******3,4E,Aahana Hora,+91--XXXXXX-6644,170520e7c3628eb2,2026,2,15,Sunday
B1643,P1148,AI027,2026-02-04 11:37:36,PENDING,M******0,14A,Oscar Dua,+91--XXXXXX-3774,4cf32ce95938a677,2026,2,4,Wednesday
B1644,P1760,SJ165,2025-10-20 11:37:36,PENDING,K******1,20E,Faqid Goel,+91--XXXXXX-5792,38c48b1ef81b9fef,2025,10,20,Monday
B1645,P1832,UK081,2025-08-16 11:37:36,CONFIRMED,R******5,17D,Wakeeta Shetty,+91--XXXXXX-7529,682bd2f4874c168c,2025,8,16,Saturday
B1646,P1404,UK191,2025-09-27 11:37:36,CANCELLED,R******6,28C,Saumya Naidu,+91--XXXXXX-4076,9bff21b1aa9904ee,2025,9,27,Saturday
B1647,P1282,SJ188,2025-11-06 11:37:36,PENDING,R******5,14F,Diya Dora,+91--XXXXXX-0840,254d74d91dbb2a20,2025,11,6,Thursday
B1648,P1361,6F016,2025-08-09 11:37:36,CONFIRMED,P******6,33D,Ria Bir,+91--XXXXXX-8368,12202d710c89caa2,2025,8,9,Saturday
B1649,P1378,6F064,2026-04-05 11:37:36,PENDING,A******2,4F,Upasna Sathe,+91--XXXXXX-3414,90e7735d6cc33c30,2026,4,5,Sunday
B1650,P1197,SJ105,2026-04-03 11:37:36,UNKNOWN,M******9,10D,Chavvi Maharaj,+91--XXXXXX-1933,dce7d605a5962c40,2026,4,3,Friday
B1651,P1555,SJ054,2025-09-09 11:37:36,CANCELLED,P******0,21B,Daksh Pandey,+91--XXXXXX-8199,689f5e34e727bde8,2025,9,9,Tuesday
B1652,P1355,6F197,2025-12-19 11:37:36,PENDING,R******5,23C,Yashica Borah,+91--XXXXXX-0269,46527823800b20f5,2025,12,19,Friday
B1653,P1539,AI040,2026-03-26 11:37:36,CANCELLED,C******2,31B,Dayita Shenoy,+91--XXXXXX-4504,819f087c1b021fef,2026,3,26,Thursday
B1654,P1428,AI131,2025-08-14 11:37:36,UNKNOWN,E******2,31A,Siya Barad,+91--XXXXXX-6787,f0187757721eff81,2025,8,14,Thursday
B1655,P1016,6F141,2025-10-09 11:37:36,PENDING,C******7,7D,Dakshesh Pillay,+91--XXXXXX-4650,b6999bef796ba910,2025,10,9,Thursday
B1656,P1638,UK035,2025-05-12 11:37:36,CONFIRMED,K******4,26E,Bhavini Bose,+91--XXXXXX-9841,69f7846b1da66b05,2025,5,12,Monday
B1657,P1378,AI005,2025-08-28 11:37:36,CONFIRMED,M******9,12B,Gautam Tripathi,+91--XXXXXX-9851,e9120afbabf90eb4,2025,8,28,Thursday
B1658,P1679,AI001,2025-06-22 11:37:36,CONFIRMED,P******6,18D,Leena Shere,+91--XXXXXX-5091,e493dc239ee762ce,2025,6,22,Sunday
B1659,P1505,UK211,2026-01-17 11:37:36,PENDING,P******3,6D,Benjamin Sengupta,+91--XXXXXX-1131,b389abb6198832cb,2026,1,17,Saturday
B1660,P1755,SJ189,2026-04-04 11:37:36,CANCELLED,B******3,12D,Raghav Nagy,+91--XXXXXX-4370,9b00201cb2173b92,2026,4,4,Saturday
B1661,P1898,UK006,2025-04-21 11:37:36,PENDING,J******2,18D,Vamakshi Thaker,+91--XXXXXX-6864,cc1ff763927e655e,2025,4,21,Monday
B1662,P1075,6F189,2025-10-13 11:37:36,CONFIRMED,W******5,17A,Matthew Bhatia,+91--XXXXXX-8498,df2d73d93e740f51,2025,10,13,Monday
B1663,P1230,AI133,2025-05-16 11:37:36,CANCELLED,Y******9,15B,Shravya Chauhan,+91--XXXXXX-6291,c9a57768daf10138,2025,5,16,Friday
B1664,P1715,SJ216,2025-11-08 11:37:36,CONFIRMED,F******1,25B,Hemal Chad,+91--XXXXXX-3111,25fdfebc42d6c2eb,2025,11,8,Saturday
B1665,P1961,SJ133,2026-03-04 11:37:36,CANCELLED,B******6,29D,Yamini Gera,+91--XXXXXX-0703,b2855a93994dd1e6,2026,3,4,Wednesday
B1666,P1247,UK082,2026-03-05 11:37:36,PENDING,F******9,32C,Balveer Kota,+91--XXXXXX-0106,71fffec272e506bd,2026,3,5,Thursday
B1667,P1301,6F136,2026-02-16 11:37:36,CANCELLED,R******6,32C,Raksha Sarna,+91--XXXXXX-0625,906ff029a4c37a08,2026,2,16,Monday
B1668,P1725,6F039,2025-04-30 11:37:36,PENDING,F******9,3B,Nathan Patla,+91--XXXXXX-9908,be0d86882b3d873e,2025,4,30,Wednesday
B1669,P1214,AI011,2025-06-16 11:37:36,CONFIRMED,C******4,3E,Kashish Mandal,+91--XXXXXX-6069,dc8b840a9a73023a,2025,6,16,Monday
B1670,P1157,SJ225,2025-05-12 11:37:36,CANCELLED,F******2,16C,Lila Rege,+91--XXXXXX-1026,058360a86f9a26b5,2025,5,12,Monday
B1671,P1068,SJ024,2025-07-08 11:37:36,CONFIRMED,E******3,22C,Hamsini Ben,+91--XXXXXX-8950,e5b0dcc493fdb1a9,2025,7,8,Tuesday
B1672,P1392,AI109,2025-08-01 11:37:36,CANCELLED,B******4,14E,Gaurika Bhatti,+91--XXXXXX-1994,6e266a5d747a50a7,2025,8,1,Friday
B1673,P1084,AI147,2025-06-12 11:37:36,UNKNOWN,H******9,28B,Forum Chandra,+91--XXXXXX-2711,42d0aa98bf5d119c,2025,6,12,Thursday
B1674,P1266,UK057,2025-11-03 11:37:36,CANCELLED,W******2,18C,Libni Mander,+91--XXXXXX-5782,bec649143bfb826b,2025,11,3,Monday
B1675,P1068,6F111,2025-08-01 11:37:36,CANCELLED,X******9,9A,Zayyan Doctor,+91--XXXXXX-1692,57263cbb3f426c9f,2025,8,1,Friday
B1676,P1610,AI197,2026-04-14 11:37:36,PENDING,H******4,24C,Gauri Bumb,+91--XXXXXX-1522,ca28c40e66c9bfd8,2026,4,14,Tuesday
B1677,P1346,UK127,2026-01-31 11:37:36,PENDING,A******3,29C,Lohit Palla,+91--XXXXXX-6384,b8bc656563ba2642,2026,1,31,Saturday
B1678,P1961,6F240,2025-12-31 11:37:36,PENDING,E******7,24B,Dayita Ramanathan,+91--XXXXXX-5813,fa61f60262878dca,2025,12,31,Wednesday
B1679,P1727,6F257,2025-08-17 11:37:36,CANCELLED,P******4,25A,Kai Chad,+91--XXXXXX-8728,774bd5ed967e8db5,2025,8,17,Sunday
B1680,P1926,AI253,2026-03-19 11:37:36,UNKNOWN,A******0,11F,Dayita Puri,+91--XXXXXX-3589,1597d5ff73ed4d7b,2026,3,19,Thursday
B1681,P1672,SJ135,2026-04-02 11:37:36,CANCELLED,E******5,15C,Falguni Datta,+91--XXXXXX-5577,9fc08a2b1b6c8673,2026,4,2,Thursday
B1682,P1422,UK112,2025-07-10 11:37:36,CANCELLED,L******1,20B,Girik Sampath,+91--XXXXXX-0562,77e3be24f953ddd7,2025,7,10,Thursday
B1683,P1605,AI050,2025-08-07 11:37:36,CONFIRMED,R******9,9C,Yashoda Pathak,+91--XXXXXX-4031,fdb3f8b13b19a27c,2025,8,7,Thursday
B1684,P1173,UK060,2025-11-18 11:37:36,PENDING,E******8,8E,Andrew Patil,+91--XXXXXX-4337,46e729c5b1ad3e4f,2025,11,18,Tuesday
B1685,P1676,SJ183,2025-05-15 11:37:36,CANCELLED,A******7,25E,Dayamai Gole,+91--XXXXXX-9394,82e3603580af3dee,2025,5,15,Thursday
B1686,P1114,UK138,2025-11-17 11:37:36,CONFIRMED,H******1,23E,Tanish Om,+91--XXXXXX-5076,3f9c967871d6b3fd,2025,11,17,Monday
B1687,P1219,SJ071,2025-10-12 11:37:36,PENDING,L******8,22F,Vedika Handa,+91--XXXXXX-8889,9917f356a341929b,2025,10,12,Sunday
B1688,P1955,AI057,2025-06-14 11:37:36,PENDING,V******7,9D,Upkaar Devan,+91--XXXXXX-6032,84a65895f54c4951,2025,6,14,Saturday
B1689,P1030,SJ151,2025-07-10 11:37:36,CANCELLED,V******5,20B,Mohammed Brahmbhatt,+91--XXXXXX-9943,f5e94a462abc28f3,2025,7,10,Thursday
B1690,P1522,SJ144,2025-06-28 11:37:36,PENDING,M******2,12C,Chakrika Chaudhuri,+91--XXXXXX-5739,8c2828c395dded2e,2025,6,28,Saturday
B1691,P1342,SJ087,2026-01-23 11:37:36,PENDING,D******7,12E,Yashica Zacharia,+91--XXXXXX-8246,9b273d04487a0855,2026,1,23,Friday
B1692,P1376,SJ066,2026-04-02 11:37:36,CONFIRMED,X******3,18A,Baljiwan Nayar,+91--XXXXXX-4649,2c59bde871fb81cd,2026,4,2,Thursday
B1693,P1129,AI247,2026-01-02 11:37:36,CONFIRMED,X******6,11F,Karan Puri,+91--XXXXXX-9241,4a35df36eb3709a6,2026,1,2,Friday
B1694,P1999,SJ102,2026-04-01 11:37:36,PENDING,E******9,24D,Mitesh Gaba,+91--XXXXXX-2013,fc2a0e5bdf43cf25,2026,4,1,Wednesday
B1695,P1616,6F252,2026-04-13 11:37:36,CONFIRMED,C******1,4F,Pratyush Gandhi,+91--XXXXXX-6531,0a2f69ef0621db0f,2026,4,13,Monday
B1696,P1538,6F055,2025-11-28 11:37:36,PENDING,H******2,11C,Raksha Bassi,+91--XXXXXX-1789,2896b9d1bb10dd9f,2025,11,28,Friday
B1697,P1738,AI204,2025-11-12 11:37:36,CANCELLED,C******0,34B,Nirja Patla,+91--XXXXXX-1258,aeb64314aecd67c8,2025,11,12,Wednesday
B1698,P1001,AI016,2026-02-02 11:37:36,CONFIRMED,B******0,31D,Wazir Sawhney,+91--XXXXXX-9640,3292196098465da0,2026,2,2,Monday
B1699,P1870,AI209,2025-12-11 11:37:36,PENDING,K******5,15D,Bhavani Sen,+91--XXXXXX-5089,2be4b3901ba47d0c,2025,12,11,Thursday
B1700,P1100,SJ211,2026-01-04 11:37:36,PENDING,J******1,14B,Vivaan Walla,+91--XXXXXX-1891,ecc38f4a1a2d51d2,2026,1,4,Sunday
B1701,P1532,6F103,2025-10-16 11:37:36,CONFIRMED,A******2,13F,William More,+91--XXXXXX-1575,ce2f3dcbc358c9c8,2025,10,16,Thursday
B1702,P1057,UK182,2025-04-22 11:37:36,CONFIRMED,M******7,31F,Upasna Hari,+91--XXXXXX-2340,eefc1a0946da67ee,2025,4,22,Tuesday
B1703,P1388,6F264,2025-12-25 11:37:36,CANCELLED,M******9,19B,Jhalak Sastry,+91--XXXXXX-8483,5dc8cc926e5a41cb,2025,12,25,Thursday
B1704,P1691,6F027,2025-07-23 11:37:36,PENDING,J******8,29A,Triya Manda,+91--XXXXXX-3747,7d38da912a8c8452,2025,7,23,Wednesday
B1705,P1940,UK198,2026-01-31 11:37:36,CANCELLED,T******2,3B,Lavanya Thakkar,+91--XXXXXX-4029,e06c2c6a5a88ff19,2026,1,31,Saturday
B1706,P1340,6F171,2025-09-07 11:37:36,CANCELLED,H******2,15C,Omya Edwin,+91--XXXXXX-1687,be66f69d7ae20e9d,2025,9,7,Sunday
B1707,P1860,AI004,2025-07-05 11:37:36,CANCELLED,L******9,1B,Ryan Devi,+91--XXXXXX-9365,b6315746f94b9fbc,2025,7,5,Saturday
B1708,P1019,6F157,2025-11-22 11:37:36,CONFIRMED,W******9,3C,Zashil Ben,+91--XXXXXX-0743,cd922ebeed38bca8,2025,11,22,Saturday
B1709,P1254,AI018,2025-10-03 11:37:36,CANCELLED,G******9,22B,Vasana Prabhu,+91--XXXXXX-0661,ad66cecebf1eb32a,2025,10,3,Friday
B1710,P1316,UK098,2025-08-05 11:37:36,CONFIRMED,L******3,21E,Harshil Varty,+91--XXXXXX-0381,e6c64025f7b92590,2025,8,5,Tuesday
B1711,P1037,6F167,2026-01-29 11:37:36,UNKNOWN,B******6,4C,Jeet Mane,+91--XXXXXX-4431,2911cc6ef991d17c,2026,1,29,Thursday
B1712,P1659,AI228,2025-09-06 11:37:36,CANCELLED,Z******8,17C,Fiyaz Dyal,+91--XXXXXX-9130,7125d0f92d9b1075,2025,9,6,Saturday
B1713,P1536,SJ242,2025-08-31 11:37:36,CANCELLED,B******6,17D,Anjali Sengupta,+91--XXXXXX-1328,fcb5696c3da8e78a,2025,8,31,Sunday
B1714,P1385,6F227,2025-12-11 11:37:36,PENDING,N******1,34C,Yochana Din,+91--XXXXXX-1002,a804dd019a11da7d,2025,12,11,Thursday
B1715,P1632,6F037,2025-08-27 11:37:36,CANCELLED,E******8,20C,Rajeshri Chand,+91--XXXXXX-9547,0e5d2ce9a7b09809,2025,8,27,Wednesday
B1716,P1927,6F107,2025-12-22 11:37:36,PENDING,R******6,28A,Tristan Seshadri,+91--XXXXXX-6925,3471d389a9770d8a,2025,12,22,Monday
B1717,P1025,SJ125,2025-11-06 11:37:36,CANCELLED,H******3,14A,Ikshita Bala,+91--XXXXXX-7746,90d5e9e5a0a1c53a,2025,11,6,Thursday
B1718,P1453,UK117,2025-06-17 11:37:36,CANCELLED,Z******8,9B,Oeshi Bera,+91--XXXXXX-7696,633aecb9c878b604,2025,6,17,Tuesday
B1719,P1680,6F192,2025-11-12 11:37:36,CANCELLED,P******8,29E,Meghana Thakkar,+91--XXXXXX-5025,268035f55de9264f,2025,11,12,Wednesday
B1720,P1322,AI201,2025-11-27 11:37:36,CANCELLED,G******3,27B,Kashvi Keer,+91--XXXXXX-2378,c4180b2997072898,2025,11,27,Thursday
B1721,P1736,SJ126,2026-03-25 11:37:36,PENDING,F******5,21A,Libni Bumb,+91--XXXXXX-8415,b050aad54e671c60,2026,3,25,Wednesday
B1722,P1512,AI177,2026-02-10 11:37:36,PENDING,E******6,5E,Kavya Kapur,+91--XXXXXX-4457,a2e8b20a44de3bf9,2026,2,10,Tuesday
B1723,P1818,AI092,2025-12-23 11:37:36,CANCELLED,R******1,26B,Ayaan Nagar,+91--XXXXXX-1969,d446dd17af486618,2025,12,23,Tuesday
B1724,P1772,6F076,2025-10-10 11:37:36,CANCELLED,G******9,11D,Hardik Nayak,+91--XXXXXX-4296,97a607f60d0383d9,2025,10,10,Friday
B1725,P1012,AI185,2025-04-29 11:37:36,PENDING,E******7,1E,Madhav Devan,+91--XXXXXX-0747,7727ded1af9f2a53,2025,4,29,Tuesday
B1726,P1914,AI055,2025-05-14 11:37:36,CONFIRMED,K******2,2B,Balvan Mangat,+91--XXXXXX-0806,bbef1199bc223284,2025,5,14,Wednesday
B1727,P1907,6F222,2026-03-15 11:37:36,CONFIRMED,H******5,27D,Urmi Dewan,+91--XXXXXX-1375,c42749ed402cff65,2026,3,15,Sunday
B1728,P1559,AI090,2025-12-12 11:37:36,CONFIRMED,Y******3,1C,Upasna Sen,+91--XXXXXX-8503,e3c0b8b4a935aa83,2025,12,12,Friday
B1729,P1920,AI183,2025-06-03 11:37:36,PENDING,V******3,4F,Abdul Buch,+91--XXXXXX-5835,6f2cb4b721122971,2025,6,3,Tuesday
B1730,P1824,AI041,2025-04-29 11:37:36,PENDING,C******0,25F,Anirudh Kunda,+91--XXXXXX-3732,2bcfae58957466bc,2025,4,29,Tuesday
B1731,P1370,6F210,2025-07-12 11:37:36,CONFIRMED,J******1,25F,Tanveer Doctor,+91--XXXXXX-6891,5202ecd7afcf8472,2025,7,12,Saturday
B1732,P1290,AI170,2026-01-15 11:37:36,CONFIRMED,X******7,3A,Pallavi Choudhry,+91--XXXXXX-0707,e59cea4d64c4ec30,2026,1,15,Thursday
B1733,P1331,SJ008,2026-04-16 11:37:36,CANCELLED,Y******3,2E,Bhavya Khanna,+91--XXXXXX-8779,112c7d42ee9f7fda,2026,4,16,Thursday
B1734,P1605,AI049,2025-09-29 11:37:36,PENDING,Z******2,27E,Charvi Dara,+91--XXXXXX-8705,897dfbb4d01a03d4,2025,9,29,Monday
B1735,P1260,SJ132,2025-05-12 11:37:36,PENDING,K******2,34E,Champak Khare,+91--XXXXXX-7116,497ee1779b1bc677,2025,5,12,Monday
B1736,P1993,SJ224,2026-01-26 11:37:36,CONFIRMED,F******0,28E,Oni Shankar,+91--XXXXXX-9849,d090a44ddeea422a,2026,1,26,Monday
B1737,P1789,UK038,2025-06-11 11:37:36,CONFIRMED,Y******2,1E,Dev Choudhry,+91--XXXXXX-5244,59e2239cb60ae459,2025,6,11,Wednesday
B1738,P1870,SJ220,2025-08-14 11:37:36,PENDING,E******2,27B,Xalak Wason,+91--XXXXXX-3803,456df0006dbc735e,2025,8,14,Thursday
B1739,P1204,6F124,2025-06-29 11:37:36,CANCELLED,J******5,34F,Amol Varma,+91--XXXXXX-2522,ecdf62ecc7c701cc,2025,6,29,Sunday
B1740,P1696,SJ164,2025-11-16 11:37:36,CONFIRMED,C******5,14D,Wyatt Dhawan,+91--XXXXXX-7652,004987ac3710aaf7,2025,11,16,Sunday
B1741,P1686,AI026,2025-05-18 11:37:36,PENDING,C******2,18E,Bishakha Sanghvi,+91--XXXXXX-9579,45b09ea351c90e93,2025,5,18,Sunday
B1742,P1949,6F144,2025-09-14 11:37:36,PENDING,B******4,16D,Aarav Pandit,+91--XXXXXX-2145,3cef1351f35b4967,2025,9,14,Sunday
B1743,P1386,6F137,2025-11-21 11:37:36,UNKNOWN,K******8,6F,Wridesh Saha,+91--XXXXXX-2137,ec4c5b0bcfcf306b,2025,11,21,Friday
B1744,P1891,UK139,2025-09-05 11:37:36,CANCELLED,M******8,10A,Rachit Chada,+91--XXXXXX-1410,ea8bf3c50b35570a,2025,9,5,Friday
B1745,P1820,UK139,2025-05-20 11:37:36,CONFIRMED,X******6,27B,Jalsa Bir,+91--XXXXXX-1103,92bf19c27c8f357d,2025,5,20,Tuesday
B1746,P1467,SJ140,2025-08-31 11:37:36,CONFIRMED,H******9,34D,Yashica Tripathi,+91--XXXXXX-8793,38f1389945311a0a,2025,8,31,Sunday
B1747,P1414,6F131,2025-04-20 11:37:36,CONFIRMED,C******2,9F,Anmol Ramakrishnan,+91--XXXXXX-2405,3777ac79ae297bc3,2025,4,20,Sunday
B1748,P1068,UK128,2025-11-15 11:37:36,PENDING,F******9,9A,Upma Bassi,+91--XXXXXX-9749,3dda27b640778ebf,2025,11,15,Saturday
B1749,P1471,SJ219,2026-02-19 11:37:36,CONFIRMED,N******3,23D,Lila Prakash,+91--XXXXXX-6991,a3742043c4b9ebea,2026,2,19,Thursday
B1750,P1103,SJ159,2025-09-21 11:37:36,PENDING,Y******6,33D,Zehaan Babu,+91--XXXXXX-2935,55d571c056c1cbfc,2025,9,21,Sunday
B1751,P1757,UK192,2025-09-19 11:37:36,CONFIRMED,Y******3,17E,Ishanvi Bir,+91--XXXXXX-8441,eedbfa9959ab47f0,2025,9,19,Friday
B1752,P1160,AI014,2025-08-13 11:37:36,CANCELLED,V******9,34F,Hemani Khosla,+91--XXXXXX-6711,a6f57c7620b6bae6,2025,8,13,Wednesday
B1753,P1199,SJ152,2025-08-08 11:37:36,CANCELLED,Y******0,5C,Hemang Natarajan,+91--XXXXXX-3127,d69d56302fedf14f,2025,8,8,Friday
B1754,P1215,SJ060,2026-02-11 11:37:36,PENDING,Z******3,3C,Kiaan Basu,+91--XXXXXX-2758,d236d8ab9d2c6ab6,2026,2,11,Wednesday
B1755,P1945,AI127,2026-02-17 11:37:36,CANCELLED,K******5,10F,Indira Nigam,+91--XXXXXX-8329,c3943630ccb80e22,2026,2,17,Tuesday
B1756,P1211,SJ096,2026-01-27 11:37:36,PENDING,B******4,11F,Parth Shetty,+91--XXXXXX-1838,bc238ccc846d98aa,2026,1,27,Tuesday
B1757,P1507,AI215,2025-04-24 11:37:36,PENDING,A******3,22B,Varenya Gopal,+91--XXXXXX-7329,fff7887dea7b8b2e,2025,4,24,Thursday
B1758,P1015,UK009,2026-02-28 11:37:36,CANCELLED,T******8,26B,Krishna Bhatnagar,+91--XXXXXX-6016,8dfaf010f3410796,2026,2,28,Saturday
B1759,P1497,AI171,2025-10-26 11:37:36,PENDING,M******5,16F,Tanvi Bansal,+91--XXXXXX-8264,b6473823eb07c1ff,2025,10,26,Sunday
B1760,P1883,UK151,2026-01-14 11:37:36,CANCELLED,Y******5,31B,Chaaya Jaggi,+91--XXXXXX-3665,203357e21882717b,2026,1,14,Wednesday
B1761,P1331,AI099,2025-05-22 11:37:36,CONFIRMED,K******5,15A,Caleb Iyengar,+91--XXXXXX-7364,99cb5774232f1840,2025,5,22,Thursday
B1762,P1716,UK050,2025-06-04 11:37:36,CONFIRMED,Y******7,32B,Benjamin Mutti,+91--XXXXXX-7986,d7f38fe925e90d07,2025,6,4,Wednesday
B1763,P1876,UK092,2025-10-06 11:37:36,CANCELLED,T******2,3B,Dayita Varma,+91--XXXXXX-6964,fcda9bcb6ea543e4,2025,10,6,Monday
B1764,P1550,SJ058,2025-06-20 11:37:36,CANCELLED,Y******7,13B,Mitali Solanki,+91--XXXXXX-7667,679aa3b4e9df0614,2025,6,20,Friday
B1765,P1600,SJ090,2025-12-21 11:37:36,CANCELLED,G******4,1C,Zehaan Bansal,+91--XXXXXX-3223,d16e6f983e91b30c,2025,12,21,Sunday
B1766,P1941,6F173,2025-09-07 11:37:36,CANCELLED,A******1,1F,Rayaan Mangal,+91--XXXXXX-3967,00b35cce6338b9d3,2025,9,7,Sunday
B1767,P1255,AI186,2025-11-19 11:37:36,CONFIRMED,L******5,6D,Ishanvi Batta,+91--XXXXXX-8557,281c445dde91d601,2025,11,19,Wednesday
B1768,P1991,AI130,2026-03-23 11:37:36,PENDING,F******6,13C,Garima Mahajan,+91--XXXXXX-3715,9ee43aff2362938c,2026,3,23,Monday
B1769,P1765,SJ111,2025-11-23 11:37:36,UNKNOWN,C******8,6F,Jeet Pillai,+91--XXXXXX-9187,754a0ba14793d65f,2025,11,23,Sunday
B1770,P1727,6F203,2025-08-04 11:37:36,CONFIRMED,R******9,8D,Rajeshri Ratta,+91--XXXXXX-4847,2ac9d314eb4531c7,2025,8,4,Monday
B1771,P1879,6F138,2025-05-24 11:37:36,PENDING,T******3,1F,Ria Raju,+91--XXXXXX-1929,64d0b1e454c7d7c8,2025,5,24,Saturday
B1772,P1814,6F109,2025-08-29 11:37:36,UNKNOWN,K******8,10B,Harinakshi Grover,+91--XXXXXX-0379,a593f29cef6588db,2025,8,29,Friday
B1773,P1171,AI074,2026-01-01 11:37:36,PENDING,W******0,16E,Watika Tank,+91--XXXXXX-2633,5ce167dd245be5b2,2026,1,1,Thursday
B1774,P1648,UK161,2026-01-07 11:37:36,CANCELLED,W******8,1B,Jhalak Venkataraman,+91--XXXXXX-8399,2cfc908e337673a5,2026,1,7,Wednesday
B1775,P1999,AI008,2025-06-19 11:37:36,CANCELLED,F******9,14B,Amara Butala,+91--XXXXXX-5751,e7fd4bc064189a64,2025,6,19,Thursday
B1776,P1497,UK121,2025-12-27 11:37:36,CANCELLED,P******4,17A,Panini Brar,+91--XXXXXX-4805,adfc5c63249abb70,2025,12,27,Saturday
B1777,P1470,6F154,2025-04-26 11:37:36,CONFIRMED,P******0,11A,Qushi Gole,+91--XXXXXX-2332,b6a6323e342960d4,2025,4,26,Saturday
B1778,P1383,6F161,2025-08-01 11:37:36,CONFIRMED,Y******3,10D,Chaaya Nagi,+91--XXXXXX-3333,07ecfefe3a725fdf,2025,8,1,Friday
B1779,P1689,6F153,2026-02-01 11:37:36,PENDING,D******0,22B,Harshil Buch,+91--XXXXXX-8308,9a32bba252b186fd,2026,2,1,Sunday
B1780,P1588,6F225,2026-02-10 11:37:36,PENDING,F******7,11B,Falak Merchant,+91--XXXXXX-0421,a4730d3dc7c40557,2026,2,10,Tuesday
B1781,P1699,AI191,2026-02-09 11:37:36,PENDING,H******5,18C,Damini Sehgal,+91--XXXXXX-6256,961099cd670bbac5,2026,2,9,Monday
B1782,P1506,AI218,2025-08-18 11:37:36,CONFIRMED,B******4,25F,Pooja Ganesan,+91--XXXXXX-4515,5acfb1b15ac7a1b2,2025,8,18,Monday
B1783,P1991,6F267,2025-09-28 11:37:36,PENDING,Y******7,25D,Sachi Panchal,+91--XXXXXX-0935,b1102c6412b03dc4,2025,9,28,Sunday
B1784,P1526,UK125,2025-08-20 11:37:36,CANCELLED,F******3,1B,Sanya Basak,+91--XXXXXX-5181,749b77e178547e34,2025,8,20,Wednesday
B1785,P1803,6F208,2025-08-19 11:37:36,PENDING,W******7,1B,Ira Saran,+91--XXXXXX-6443,c5befda5b420aa7f,2025,8,19,Tuesday
B1786,P1830,6F119,2026-02-12 11:37:36,CANCELLED,N******6,26B,Anvi Bhandari,+91--XXXXXX-4345,776b7a0795cbf86d,2026,2,12,Thursday
B1787,P1324,AI063,2025-07-11 11:37:36,CONFIRMED,A******4,1E,Falan Ravi,+91--XXXXXX-6387,b6cba9b48ab9eef9,2025,7,11,Friday
B1788,P1213,UK016,2025-06-05 11:37:36,CANCELLED,G******3,2B,Januja Varghese,+91--XXXXXX-9612,778113939be4d197,2025,6,5,Thursday
B1789,P1207,6F048,2026-01-13 11:37:36,CANCELLED,A******5,30F,Nathaniel Balasubramanian,+91--XXXXXX-9133,482f1db5ab75bcee,2026,1,13,Tuesday
B1790,P1168,6F266,2025-04-23 11:37:36,CANCELLED,D******8,28A,Luke Sarma,+91--XXXXXX-5551,bd5375db5e20273f,2025,4,23,Wednesday
B1791,P1329,AI167,2026-02-24 11:37:36,CONFIRMED,M******2,3C,Bakhshi Date,+91--XXXXXX-4040,666fe87be1148cab,2026,2,24,Tuesday
B1792,P1279,6F165,2026-01-17 11:37:36,CONFIRMED,W******1,8E,Ekalinga Keer,+91--XXXXXX-4900,76eff2be0b68361f,2026,1,17,Saturday
B1793,P1977,SJ104,2025-11-25 11:37:36,CONFIRMED,W******8,14C,Jeevika Pathak,+91--XXXXXX-6899,2e40a7d34f72ce8f,2025,11,25,Tuesday
B1794,P1304,UK160,2025-06-26 11:37:36,CONFIRMED,L******2,8D,Leela Bali,+91--XXXXXX-2055,b2a092be28109ed7,2025,6,26,Thursday
B1795,P1145,UK160,2026-03-21 11:37:36,PENDING,L******6,9C,Mitesh Sengupta,+91--XXXXXX-1256,3479b7c8cf65d18d,2026,3,21,Saturday
B1796,P1774,SJ230,2025-11-28 11:37:36,CONFIRMED,R******0,9B,Kamala Prabhu,+91--XXXXXX-4004,b09e1364101b2577,2025,11,28,Friday
B1797,P1515,AI042,2025-06-03 11:37:36,CANCELLED,C******3,1A,Sachi Bose,+91--XXXXXX-9536,e24483519e8b743d,2025,6,3,Tuesday
B1798,P1089,UK197,2025-05-16 11:37:36,CONFIRMED,Z******0,23E,Laksh Wagle,+91--XXXXXX-7952,dcc74a3e1dc559c8,2025,5,16,Friday
B1799,P1452,AI107,2026-02-05 11:37:36,PENDING,B******3,16E,Jeevika Rao,+91--XXXXXX-3044,16edb5c1aaf13508,2026,2,5,Thursday
B1800,P1059,SJ128,2025-08-22 11:37:36,PENDING,R******3,7F,Dipta Mallick,+91--XXXXXX-2677,f31e8baf90c3693e,2025,8,22,Friday
B1801,P1310,6F121,2026-04-14 11:37:36,PENDING,R******1,34F,Zaid Comar,+91--XXXXXX-4800,0f6d0c869309e2f8,2026,4,14,Tuesday
B1802,P1527,AI111,2025-06-30 11:37:36,UNKNOWN,K******1,16B,Atharv Grewal,+91--XXXXXX-6611,90a3146b7df3e08d,2025,6,30,Monday
B1803,P1226,SJ137,2026-02-21 11:37:36,CONFIRMED,Y******0,24F,Xalak Vasa,+91--XXXXXX-2358,764c9a9dc2a5a702,2026,2,21,Saturday
B1804,P1473,AI232,2025-11-12 11:37:36,CONFIRMED,F******3,1F,Lila Dalal,+91--XXXXXX-7409,c6821cd4ccc88384,2025,11,12,Wednesday
B1805,P1977,SJ113,2025-10-26 11:37:36,CONFIRMED,F******3,14B,Adweta Lad,+91--XXXXXX-0072,de74cbb63169f25d,2025,10,26,Sunday
B1806,P1540,AI117,2025-08-02 11:37:36,CANCELLED,Y******4,17A,Sanaya Kala,+91--XXXXXX-5917,0b87fde3ed789bfb,2025,8,2,Saturday
B1807,P1662,6F185,2025-06-28 11:37:36,CANCELLED,E******9,12C,Bhavika Swaminathan,+91--XXXXXX-0544,baf28f8cc0be0bfa,2025,6,28,Saturday
B1808,P1756,AI194,2026-01-26 11:37:36,PENDING,T******2,3B,Ryan Das,+91--XXXXXX-8184,824cdc86a93f2730,2026,1,26,Monday
B1809,P1781,UK045,2026-04-09 11:37:36,PENDING,F******6,13B,Krishna Borah,+91--XXXXXX-6068,dcfbb2a578d291e4,2026,4,9,Thursday
B1810,P1078,6F228,2026-03-20 11:37:36,CONFIRMED,J******9,34B,Siya Gera,+91--XXXXXX-6421,7afacd38e7c58b7d,2026,3,20,Friday
B1811,P1432,SJ190,2026-04-04 11:37:36,CANCELLED,T******2,25A,Sai Chahal,+91--XXXXXX-0858,58010bc04ee46708,2026,4,4,Saturday
B1812,P1800,AI156,2026-01-06 11:37:36,CANCELLED,P******3,8A,Ekaja Palan,+91--XXXXXX-5943,9be5ff9222be8d9e,2026,1,6,Tuesday
B1813,P1152,AI104,2025-04-21 11:37:36,UNKNOWN,N******2,9D,Dhruv Mannan,+91--XXXXXX-9254,e7dbb625aeee9d45,2025,4,21,Monday
B1814,P1788,UK033,2025-06-22 11:37:36,CONFIRMED,R******6,26C,Charita Dugar,+91--XXXXXX-2354,5c0d8207dd21e53d,2025,6,22,Sunday
B1815,P1400,UK137,2025-05-01 11:37:36,PENDING,R******6,3C,Owen Pathak,+91--XXXXXX-2431,ebc821251236c9a8,2025,5,1,Thursday
B1816,P1278,UK214,2025-06-21 11:37:36,PENDING,Y******7,20F,Yashoda Kapur,+91--XXXXXX-0724,30275f3d339cc245,2025,6,21,Saturday
B1817,P1056,6F033,2025-06-07 11:37:36,PENDING,T******2,28D,Jairaj Iyer,+91--XXXXXX-5836,a929c57d204d5a0c,2025,6,7,Saturday
B1818,P1976,AI114,2025-11-07 11:37:36,CONFIRMED,M******3,26B,Liam Khalsa,+91--XXXXXX-6645,a2d7748e41a3d0ee,2025,11,7,Friday
B1819,P1185,AI017,2026-01-19 11:37:36,CONFIRMED,N******4,21E,Wakeeta Bal,+91--XXXXXX-3150,34426c0cd3f38312,2026,1,19,Monday
B1820,P1397,6F244,2025-12-01 11:37:36,PENDING,X******7,18E,Jalsa Pillay,+91--XXXXXX-9804,b9ce30f41ea18f1a,2025,12,1,Monday
B1821,P1604,6F160,2025-11-27 11:37:36,PENDING,Y******5,1C,Unni Dayal,+91--XXXXXX-1814,a4bf08b9ca4f0e1f,2025,11,27,Thursday
B1822,P1787,6F088,2026-01-05 11:37:36,CANCELLED,P******9,17D,Gabriel Bhatti,+91--XXXXXX-4944,82a99a1d86fac4fd,2026,1,5,Monday
B1823,P1157,6F155,2025-11-26 11:37:36,CANCELLED,D******5,19E,Dayamai Rao,+91--XXXXXX-9978,ae27d2e34f79759f,2025,11,26,Wednesday
B1824,P1786,AI095,2026-04-15 11:37:36,PENDING,J******2,9B,Varenya Vora,+91--XXXXXX-9591,1c9cbca4e72cf1b3,2026,4,15,Wednesday
B1825,P1692,6F139,2025-05-17 11:37:36,PENDING,K******7,5E,Nirja Rout,+91--XXXXXX-3447,7118f585c93d1824,2025,5,17,Saturday
B1826,P1358,6F101,2025-07-11 11:37:36,CANCELLED,G******8,19A,Ethan Dass,+91--XXXXXX-1324,541d6a44e152e720,2025,7,11,Friday
B1827,P1439,AI054,2025-06-23 11:37:36,PENDING,B******6,20D,Edhitha Borah,+91--XXXXXX-8662,d079c6e52643d981,2025,6,23,Monday
B1828,P1588,SJ094,2025-05-18 11:37:36,CANCELLED,A******9,25B,Shivani Shukla,+91--XXXXXX-0685,a73a5ca6be3ba66c,2025,5,18,Sunday
B1829,P1465,6F217,2026-01-15 11:37:36,CANCELLED,Y******8,4E,Zansi Padmanabhan,+91--XXXXXX-4517,83f6c471d101ce7a,2026,1,15,Thursday
B1830,P1662,6F100,2026-04-15 11:37:36,CANCELLED,C******5,23C,Kabir Gopal,+91--XXXXXX-1529,99a67e41a6d681fb,2026,4,15,Wednesday
B1831,P1445,6F081,2026-02-05 11:37:36,CONFIRMED,V******5,21C,Kai Sant,+91--XXXXXX-6991,2abcf507450983a9,2026,2,5,Thursday
B1832,P1749,SJ156,2025-06-17 11:37:36,CONFIRMED,D******0,4D,Yadavi Bhakta,+91--XXXXXX-2142,c302f2e1593aa4ab,2025,6,17,Tuesday
B1833,P1800,6F060,2025-06-07 11:37:36,PENDING,V******1,27D,Jeet Vasa,+91--XXXXXX-4267,3e88a67eca4f4c53,2025,6,7,Saturday
B1834,P1742,UK129,2025-08-14 11:37:36,CANCELLED,L******1,33E,Michael Modi,+91--XXXXXX-1511,70c52ec901c9fc6e,2025,8,14,Thursday
B1835,P1487,UK032,2026-02-07 11:37:36,CONFIRMED,A******6,2E,Nitesh Edwin,+91--XXXXXX-2240,9a7a481afc24670c,2026,2,7,Saturday
B1836,P1529,AI166,2025-09-23 11:37:36,PENDING,L******6,13A,Ekantika Kar,+91--XXXXXX-3090,605ad3feaac87418,2025,9,23,Tuesday
B1837,P1072,SJ056,2025-10-31 11:37:36,PENDING,J******0,22F,Hiral Venkataraman,+91--XXXXXX-9029,fd06084e8df52429,2025,10,31,Friday
B1838,P1928,SJ101,2025-06-12 11:37:36,PENDING,Y******3,18F,Bhanumati Brar,+91--XXXXXX-8297,1dd9a6e34577ac4a,2025,6,12,Thursday
B1839,P1927,SJ065,2025-05-09 11:37:36,PENDING,P******7,9C,Zashil Hegde,+91--XXXXXX-8494,76022fd0f589c61b,2025,5,9,Friday
B1840,P1700,SJ100,2025-04-19 11:37:36,PENDING,W******4,34A,Anvi Dass,+91--XXXXXX-6349,8f3bf3bc684168e0,2025,4,19,Saturday
B1841,P1949,UK011,2025-10-24 11:37:36,CANCELLED,B******8,1E,Chavvi Walla,+91--XXXXXX-8358,d0ef7f9618eea108,2025,10,24,Friday
B1842,P1016,6F062,2026-02-17 11:37:36,PENDING,Z******8,3B,Girik Thakkar,+91--XXXXXX-0123,0ab93eff75637fb1,2026,2,17,Tuesday
B1843,P1530,SJ176,2025-08-15 11:37:36,CANCELLED,F******1,23E,Om Dube,+91--XXXXXX-4938,d51e80ad0dfa558a,2025,8,15,Friday
B1844,P1730,6F120,2025-11-26 11:37:36,CONFIRMED,V******2,3B,Onveer Nazareth,+91--XXXXXX-6465,46d5d24af98edd1c,2025,11,26,Wednesday
B1845,P1325,AI121,2026-03-05 11:37:36,PENDING,R******5,24A,Benjamin Balakrishnan,+91--XXXXXX-1803,36ab7e1ce57532ae,2026,3,5,Thursday
B1846,P1994,UK072,2025-08-30 11:37:36,CONFIRMED,V******8,34F,Finn Bath,+91--XXXXXX-8958,d2b4c67f4ddb19b0,2025,8,30,Saturday
B1847,P1631,AI006,2026-04-06 11:37:36,CANCELLED,L******6,11B,Alka Kade,+91--XXXXXX-7140,d8aaa1194bac0b91,2026,4,6,Monday
B1848,P1612,SJ231,2025-05-19 11:37:36,CANCELLED,P******2,30D,Omaja Balasubramanian,+91--XXXXXX-7655,aa13bbae2d69cd5f,2025,5,19,Monday
B1849,P1545,SJ129,2025-06-24 11:37:36,UNKNOWN,V******6,12E,Widisha Mann,+91--XXXXXX-6604,f46e64bed12f16d5,2025,6,24,Tuesday
B1850,P1595,6F110,2025-04-21 11:37:36,PENDING,Z******8,33B,Chasmum Subramanian,+91--XXXXXX-9822,a0c42a5eeacdb6c0,2025,4,21,Monday
B1851,P1920,6F231,2025-11-26 11:37:36,PENDING,E******9,2D,Yash Ravi,+91--XXXXXX-7673,5d12bbed5101cb8b,2025,11,26,Wednesday
B1852,P1707,6F095,2025-08-09 11:37:36,CONFIRMED,E******9,33E,Chameli Setty,+91--XXXXXX-6582,c5a86a7e5951c0c9,2025,8,9,Saturday
B1853,P1841,UK054,2025-05-05 11:37:36,CONFIRMED,F******5,18F,Elijah Bhasin,+91--XXXXXX-0990,57be53331b2ac667,2025,5,5,Monday
B1854,P1201,SJ123,2025-08-10 11:37:36,CONFIRMED,W******1,29D,Nakul Sarraf,+91--XXXXXX-2192,3bedd0c7d3c8d889,2025,8,10,Sunday
B1855,P1343,6F006,2026-01-04 11:37:36,PENDING,L******9,3D,Ojasvi Sule,+91--XXXXXX-4333,28c5419d6b534dd5,2026,1,4,Sunday
B1856,P1852,UK226,2025-05-04 11:37:36,PENDING,V******9,4E,Ucchal Jani,+91--XXXXXX-8415,69ab425e8cbb5d58,2025,5,4,Sunday
B1857,P1522,AI065,2026-03-07 11:37:36,PENDING,V******8,17E,Harini Dhawan,+91--XXXXXX-4646,f43426006d3c746c,2026,3,7,Saturday
B1858,P1858,6F008,2025-11-25 11:37:36,UNKNOWN,G******1,10B,Dhriti Nagar,+91--XXXXXX-6025,ada3990e9c1f8952,2025,11,25,Tuesday
B1859,P1399,AI195,2025-11-11 11:37:36,PENDING,D******8,7B,Hemani Rastogi,+91--XXXXXX-3071,7ba19483114a0e61,2025,11,11,Tuesday
B1860,P1217,UK043,2025-08-01 11:37:36,UNKNOWN,D******6,3A,Kalpit Prabhakar,+91--XXXXXX-0640,5889541a7e573def,2025,8,1,Friday
B1861,P1444,AI125,2025-10-15 11:37:36,CONFIRMED,X******2,25E,Yutika Cherian,+91--XXXXXX-4769,94a7ac239d7f5241,2025,10,15,Wednesday
B1862,P1764,AI089,2025-10-05 11:37:36,PENDING,J******3,21A,Eiravati Khurana,+91--XXXXXX-4480,b076c4a7902102b3,2025,10,5,Sunday
B1863,P1221,UK019,2026-02-12 11:37:36,CONFIRMED,L******3,22C,Unnati Das,+91--XXXXXX-8235,4770d672abd08354,2026,2,12,Thursday
B1864,P1382,UK078,2025-09-27 11:37:36,CANCELLED,T******5,22C,Amara Sengupta,+91--XXXXXX-9220,6e4f368bf984cf0d,2025,9,27,Saturday
B1865,P1880,SJ009,2025-07-28 11:37:36,CANCELLED,L******7,15E,Yug Dhaliwal,+91--XXXXXX-2016,172d158d0de6720e,2025,7,28,Monday
B1866,P1591,UK178,2026-01-28 11:37:36,CONFIRMED,J******3,7A,Gunbir Bedi,+91--XXXXXX-2871,d7e62ec010ed61a5,2026,1,28,Wednesday
B1867,P1006,UK018,2025-11-23 11:37:36,CONFIRMED,K******0,13D,Bina Rajagopalan,+91--XXXXXX-4928,c57889e56b89d7ff,2025,11,23,Sunday
B1868,P1271,SJ059,2026-04-10 11:37:36,CANCELLED,L******7,29E,Omya Kothari,+91--XXXXXX-9805,d10b77248a9f3430,2026,4,10,Friday
B1869,P1738,UK108,2026-02-04 11:37:36,CONFIRMED,B******8,19C,Nathaniel Narang,+91--XXXXXX-0712,18b7f129746333a5,2026,2,4,Wednesday
B1870,P1015,6F045,2025-04-25 11:37:36,CANCELLED,X******0,5D,Dhriti Gupta,+91--XXXXXX-6506,5e7c05a797b07037,2025,4,25,Friday
B1871,P1423,AI144,2025-10-04 11:37:36,CANCELLED,Y******1,23E,Nathaniel Tara,+91--XXXXXX-4791,0a74d49ad439a369,2025,10,4,Saturday
B1872,P1523,AI244,2025-07-09 11:37:36,PENDING,R******8,26E,Yutika Sibal,+91--XXXXXX-6502,4a67326227d40351,2025,7,9,Wednesday
B1873,P1802,6F265,2025-04-25 11:37:36,CONFIRMED,B******4,11B,Wishi Morar,+91--XXXXXX-8875,32d2676cda72d59a,2025,4,25,Friday
B1874,P1752,6F108,2026-01-26 11:37:36,CONFIRMED,K******4,16E,Widisha Bajaj,+91--XXXXXX-6358,c0873c80b4671e59,2026,1,26,Monday
B1875,P1020,6F069,2025-06-17 11:37:36,PENDING,N******7,17D,Gautam Ramaswamy,+91--XXXXXX-7200,14d4cf1003409a94,2025,6,17,Tuesday
B1876,P1689,6F072,2025-06-14 11:37:36,CANCELLED,D******7,18F,Yashasvi Shankar,+91--XXXXXX-2552,59386d9619829bba,2025,6,14,Saturday
B1877,P1938,6F096,2025-11-09 11:37:36,CONFIRMED,C******1,33F,Wridesh Kale,+91--XXXXXX-7284,015406420dc5feb6,2025,11,9,Sunday
B1878,P1227,SJ233,2025-12-31 11:37:36,PENDING,X******4,31D,Ira Bava,+91--XXXXXX-8597,e68b030c529014d3,2025,12,31,Wednesday
B1879,P1784,AI203,2025-12-03 11:37:36,PENDING,X******0,9E,Chandresh Manda,+91--XXXXXX-1228,59fba3faa7b26b5f,2025,12,3,Wednesday
B1880,P1287,UK147,2026-03-08 11:37:36,CONFIRMED,N******5,2E,Warda Singhal,+91--XXXXXX-1556,1b7c13d1cfd4e16e,2026,3,8,Sunday
B1881,P1808,UK039,2025-08-26 11:37:36,PENDING,F******7,8E,Bhavika Yadav,+91--XXXXXX-6710,007e9076a8338948,2025,8,26,Tuesday
B1882,P1133,6F216,2025-10-17 11:37:36,CANCELLED,P******3,18B,Abhiram Chokshi,+91--XXXXXX-0189,55999507ed6c81c3,2025,10,17,Friday
B1883,P1983,AI214,2025-11-17 11:37:36,PENDING,E******0,5B,Raagini Desai,+91--XXXXXX-7289,5de451449bf1bd9e,2025,11,17,Monday
B1884,P1282,UK025,2025-08-31 11:37:36,CANCELLED,W******1,31D,Aishani Pau,+91--XXXXXX-0744,1853ce0679532fa2,2025,8,31,Sunday
B1885,P1403,UK053,2025-08-10 11:37:36,CANCELLED,E******0,11B,Neha Pau,+91--XXXXXX-1436,0348c3e778e974b9,2025,8,10,Sunday
B1886,P1664,6F130,2026-02-12 11:37:36,UNKNOWN,M******4,9D,Chakradev Rattan,+91--XXXXXX-8489,34bae9acc85623d2,2026,2,12,Thursday
B1887,P1065,6F247,2026-03-09 11:37:36,PENDING,W******1,23F,Charan Hayer,+91--XXXXXX-5663,889e3dbea6b62286,2026,3,9,Monday
B1888,P1648,6F159,2025-12-25 11:37:36,CANCELLED,Z******7,25C,Janani Mani,+91--XXXXXX-2120,57bcf59f1df91b4b,2025,12,25,Thursday
B1889,P1603,UK086,2026-02-24 11:37:36,CANCELLED,Y******2,22C,Ethan Raju,+91--XXXXXX-6194,2bd8d270e54267be,2026,2,24,Tuesday
B1890,P1436,6F102,2025-08-30 11:37:36,PENDING,G******2,12E,Yamini Seshadri,+91--XXXXXX-2127,b67dc399061b69c9,2025,8,30,Saturday
B1891,P1828,UK186,2026-01-26 11:37:36,CANCELLED,A******5,18D,Ati Dani,+91--XXXXXX-5420,922f937e65bc43b4,2026,1,26,Monday
B1892,P1933,6F032,2025-08-24 11:37:36,PENDING,T******1,17F,Kabir Chatterjee,+91--XXXXXX-0094,93a6cd22b60eaddc,2025,8,24,Sunday
B1893,P1258,6F186,2025-08-02 11:37:36,CONFIRMED,V******0,19A,Meera Prakash,+91--XXXXXX-1916,f997c0c170b7632e,2025,8,2,Saturday
B1894,P1979,6F106,2026-02-24 11:37:36,CANCELLED,H******3,4F,Harinakshi Pau,+91--XXXXXX-0425,e22635edbffa7a61,2026,2,24,Tuesday
B1895,P1965,AI021,2025-10-05 11:37:36,CANCELLED,B******4,14E,Maanas Issac,+91--XXXXXX-7042,544494548badc127,2025,10,5,Sunday
B1896,P1102,AI157,2025-11-30 11:37:36,PENDING,C******6,11F,Yashodhara Ratti,+91--XXXXXX-5052,942b067d36feb791,2025,11,30,Sunday
B1897,P1992,6F054,2025-11-01 11:37:36,PENDING,A******0,26F,Xiti Baria,+91--XXXXXX-5523,58c0a76342a5b233,2025,11,1,Saturday
B1898,P1566,AI187,2025-10-03 11:37:36,PENDING,K******0,10D,Chakradev Barad,+91--XXXXXX-2963,730ef71b8669b3b2,2025,10,3,Friday
B1899,P1768,SJ124,2025-09-28 11:37:36,PENDING,C******0,4B,Laksh Nath,+91--XXXXXX-8844,f84fe5643a96468c,2025,9,28,Sunday
B1900,P1100,SJ223,2025-10-06 11:37:36,CANCELLED,F******2,11C,Urvi Venkataraman,+91--XXXXXX-4878,216c53028a2e63b8,2025,10,6,Monday
B1901,P1197,UK103,2025-04-25 11:37:36,CONFIRMED,K******1,21A,Tanmayi Dixit,+91--XXXXXX-8079,9f1009ffa80ce8b9,2025,4,25,Friday
B1902,P1812,SJ157,2026-02-08 11:37:36,CONFIRMED,X******3,14F,Yutika Dey,+91--XXXXXX-7410,0c59d94e07e79fa7,2026,2,8,Sunday
B1903,P1225,6F242,2025-11-06 11:37:36,CONFIRMED,E******9,9B,Falak Nagar,+91--XXXXXX-1530,1935d87a13689d31,2025,11,6,Thursday
B1904,P1942,UK213,2025-07-01 11:37:36,CONFIRMED,M******1,8B,Nicholas Ramaswamy,+91--XXXXXX-6866,7906664a4913fe71,2025,7,1,Tuesday
B1905,P1462,SJ120,2026-02-13 11:37:36,PENDING,K******2,24B,Chandani Nayar,+91--XXXXXX-2608,bd4baf5f00b41976,2026,2,13,Friday
B1906,P1236,AI035,2025-08-11 11:37:36,CANCELLED,G******4,22B,Yashica Upadhyay,+91--XXXXXX-7385,143e871c2fbb5f98,2025,8,11,Monday
B1907,P1025,6F147,2026-01-14 11:37:36,CANCELLED,F******6,1B,Vrishti Mistry,+91--XXXXXX-9236,38b6feaf9b895409,2026,1,14,Wednesday
B1908,P1120,SJ229,2025-08-09 11:37:36,CANCELLED,V******9,23B,Vaishnavi Badal,+91--XXXXXX-6686,056a190e17efe767,2025,8,9,Saturday
B1909,P1909,AI230,2025-11-14 11:37:36,PENDING,R******2,31B,Jyoti Narula,+91--XXXXXX-4025,9e649a74df35dcdd,2025,11,14,Friday
B1910,P1505,UK162,2025-06-10 11:37:36,CANCELLED,C******9,5C,Imaran Saha,+91--XXXXXX-1612,5baa4b20d5dd7163,2025,6,10,Tuesday
B1911,P1181,AI066,2025-05-29 11:37:36,PENDING,N******6,27C,Darika Bala,+91--XXXXXX-0684,a37b09f9aee07a7d,2025,5,29,Thursday
B1912,P1710,6F205,2025-09-09 11:37:36,CANCELLED,T******2,19D,Urvi Lanka,+91--XXXXXX-3156,011ac18139ed5992,2025,9,9,Tuesday
B1913,P1813,AI124,2025-05-24 11:37:36,CONFIRMED,N******9,27B,Vedant Behl,+91--XXXXXX-1954,06c8fc632ed9a465,2025,5,24,Saturday
B1914,P1766,UK114,2025-10-19 11:37:36,PENDING,H******2,20A,Varsha Garde,+91--XXXXXX-5246,40cd9ca937de4313,2025,10,19,Sunday
B1915,P1633,AI231,2025-06-03 11:37:36,CANCELLED,C******5,18B,Lajita Divan,+91--XXXXXX-9217,88e66ef705d0e4b9,2025,6,3,Tuesday
B1916,P1542,AI113,2025-10-30 11:37:36,CONFIRMED,W******6,7D,Xavier Balay,+91--XXXXXX-5266,1fcbf3afe4f9a75e,2025,10,30,Thursday
B1917,P1983,UK180,2025-08-03 11:37:36,UNKNOWN,X******1,27A,Imaran Halder,+91--XXXXXX-6057,e7da0ce6868e1107,2025,8,3,Sunday
B1918,P1314,UK180,2025-10-07 11:37:36,CONFIRMED,V******1,2B,Anirudh Sastry,+91--XXXXXX-0050,18c5e09bd3c50443,2025,10,7,Tuesday
B1919,P1990,6F080,2026-03-17 11:37:36,PENDING,G******0,7C,Dipta Sahota,+91--XXXXXX-2300,9a55487306b628ac,2026,3,17,Tuesday
B1920,P1796,SJ095,2025-05-11 11:37:36,PENDING,T******9,14A,Max Sachar,+91--XXXXXX-8435,ddce8848f2f72a00,2025,5,11,Sunday
B1921,P1617,SJ115,2025-04-24 11:37:36,CANCELLED,K******2,21F,Samar Roy,+91--XXXXXX-9707,37d4196fccdcd21a,2025,4,24,Thursday
B1922,P1735,AI142,2025-05-14 11:37:36,CONFIRMED,X******3,7D,Yachana Sinha,+91--XXXXXX-3869,d8a226cc6615af35,2025,5,14,Wednesday
B1923,P1272,UK169,2025-11-28 11:37:36,CANCELLED,X******4,33F,David Devi,+91--XXXXXX-2115,08af58b4c45258d7,2025,11,28,Friday
B1924,P1909,SJ041,2025-05-04 11:37:36,CANCELLED,D******1,27D,Zilmil Johal,+91--XXXXXX-2973,bb0b81ad50efd561,2025,5,4,Sunday
B1925,P1231,UK171,2025-04-20 11:37:36,CONFIRMED,W******0,7D,Ekta Sridhar,+91--XXXXXX-0232,ee025111930089eb,2025,4,20,Sunday
B1926,P1419,AI081,2025-11-27 11:37:36,CANCELLED,M******9,18F,Krisha Murthy,+91--XXXXXX-7004,4527acd186e3bcb6,2025,11,27,Thursday
B1927,P1767,AI162,2026-01-28 11:37:36,PENDING,C******7,27D,Oscar Sharaf,+91--XXXXXX-2307,f8323488dab91a28,2026,1,28,Wednesday
B1928,P1441,SJ037,2026-01-23 11:37:36,CANCELLED,J******4,6F,Hema Pandya,+91--XXXXXX-6146,784e42a6136d5504,2026,1,23,Friday
B1929,P1495,SJ037,2025-11-05 11:37:36,CONFIRMED,P******8,6A,Aishani Sule,+91--XXXXXX-0448,a114b251ee13194d,2025,11,5,Wednesday
B1930,P1023,UK080,2025-12-16 11:37:36,PENDING,K******2,3B,Rehaan Koshy,+91--XXXXXX-3639,77756871ac6c5653,2025,12,16,Tuesday
B1931,P1108,SJ031,2025-09-26 11:37:36,PENDING,D******0,16C,Arya Misra,+91--XXXXXX-9946,016c259d0bc41996,2025,9,26,Friday
B1932,P1702,AI199,2025-12-28 11:37:36,CANCELLED,G******2,4B,Umang Mishra,+91--XXXXXX-4441,108032521218ff8d,2025,12,28,Sunday
B1933,P1501,6F082,2025-05-28 11:37:36,CANCELLED,C******9,7B,Bhavya Johal,+91--XXXXXX-3805,10ab04483063463b,2025,5,28,Wednesday
B1934,P1858,UK217,2026-04-12 11:37:36,PENDING,C******3,9F,Vrinda Nadig,+91--XXXXXX-5807,255f760ecc2b6d6f,2026,4,12,Sunday
B1935,P1024,UK014,2026-04-13 11:37:36,CANCELLED,K******8,6C,Varsha Palla,+91--XXXXXX-3421,eabd4ebb179b685f,2026,4,13,Monday
B1936,P1186,SJ180,2026-01-11 11:37:36,CONFIRMED,E******1,14D,Anusha Mani,+91--XXXXXX-0382,265043f47d3545b7,2026,1,11,Sunday
B1937,P1287,6F268,2026-02-19 11:37:36,CANCELLED,M******1,16E,Jairaj Raghavan,+91--XXXXXX-5218,1604ce635040a0cb,2026,2,19,Thursday
B1938,P1627,UK205,2026-04-07 11:37:36,CANCELLED,Z******9,19B,Megha Pai,+91--XXXXXX-4643,3a971bce6d2320b6,2026,4,7,Tuesday
B1939,P1337,SJ212,2025-07-22 11:37:36,PENDING,E******1,22B,Madhav Mannan,+91--XXXXXX-9435,ddd3ebcce95109db,2025,7,22,Tuesday
B1940,P1877,UK052,2025-06-25 11:37:36,CANCELLED,P******8,17C,Brijesh Mani,+91--XXXXXX-1855,a928f17bbf8b9801,2025,6,25,Wednesday
B1941,P1913,UK230,2025-06-13 11:37:36,CANCELLED,L******5,19D,Farhan Pal,+91--XXXXXX-5442,43e3bf5c7644b5bf,2025,6,13,Friday
B1942,P1036,AI145,2025-07-18 11:37:36,CANCELLED,R******8,23D,Riya Kunda,+91--XXXXXX-6625,a82061b8f6731df6,2025,7,18,Friday
B1943,P1793,SJ035,2026-03-13 11:37:36,CONFIRMED,K******5,7E,Varenya Kala,+91--XXXXXX-2940,c55efdc90e304038,2026,3,13,Friday
B1944,P1136,SJ184,2025-07-20 11:37:36,CANCELLED,R******4,10B,Saksham Yohannan,+91--XXXXXX-9984,a786114171e16355,2025,7,20,Sunday
B1945,P1507,6F207,2025-11-03 11:37:36,CONFIRMED,C******6,24A,Anika Magar,+91--XXXXXX-8592,3883c9de5e0253d2,2025,11,3,Monday
B1946,P1226,UK144,2026-03-30 11:37:36,CONFIRMED,A******1,15A,Laksh Chopra,+91--XXXXXX-6602,7e40b53b7a5b5fb5,2026,3,30,Monday
B1947,P1319,AI126,2025-10-22 11:37:36,CONFIRMED,Z******1,1A,Wriddhish Kibe,+91--XXXXXX-1615,dd9d31cd8b31e203,2025,10,22,Wednesday
B1948,P1839,SJ145,2025-05-19 11:37:36,CONFIRMED,W******8,10A,Chandresh Wali,+91--XXXXXX-4234,95cb58256df66d61,2025,5,19,Monday
B1949,P1915,6F040,2025-05-16 11:37:36,PENDING,F******2,15B,Upkaar Kaul,+91--XXXXXX-7188,ec1bb9ff02b402e1,2025,5,16,Friday
B1950,P1181,UK049,2025-06-15 11:37:36,CONFIRMED,F******7,21B,Charles Chaudhry,+91--XXXXXX-9225,47a768ae4364eee8,2025,6,15,Sunday
B1951,P1873,UK049,2026-03-18 11:37:36,CANCELLED,Y******1,3F,Odika Narayanan,+91--XXXXXX-9796,5fbc1889e0d4d959,2026,3,18,Wednesday
B1952,P1085,AI087,2025-10-18 11:37:36,CONFIRMED,Y******5,2C,Urmi Chaudhry,+91--XXXXXX-4789,a65be1f1164e07cd,2025,10,18,Saturday
B1953,P1466,AI152,2025-05-24 11:37:36,CANCELLED,R******6,19A,Laksh Ahluwalia,+91--XXXXXX-2480,0fe51f77c4c7a0e5,2025,5,24,Saturday
B1954,P1925,SJ240,2025-11-06 11:37:36,CONFIRMED,W******2,2A,Nakul Ray,+91--XXXXXX-2001,7afc158e1ba2582f,2025,11,6,Thursday
B1955,P1052,AI212,2025-09-14 11:37:36,PENDING,D******9,22B,Vamakshi Sood,+91--XXXXXX-5387,19af5c8a2c3eb500,2025,9,14,Sunday
B1956,P1859,AI064,2025-09-21 11:37:36,CONFIRMED,J******2,3B,Ryan Mani,+91--XXXXXX-9169,cf2ac032e818ab92,2025,9,21,Sunday
B1957,P1866,6F093,2025-06-07 11:37:36,CONFIRMED,V******5,32E,Ekani Mangal,+91--XXXXXX-7600,379f9514de5d1369,2025,6,7,Saturday
B1958,P1234,AI118,2025-04-28 11:37:36,PENDING,H******3,29C,Daniel Chakraborty,+91--XXXXXX-6511,d77b8928cf4ae728,2025,4,28,Monday
B1959,P1958,AI172,2025-12-19 11:37:36,CONFIRMED,N******5,23D,Vincent Warrior,+91--XXXXXX-7933,f642c3ee2b78b9ad,2025,12,19,Friday
B1960,P1778,6F183,2026-01-30 11:37:36,CANCELLED,X******0,27E,Baljiwan Gill,+91--XXXXXX-8946,57432c9b02de633d,2026,1,30,Friday
B1961,P1798,6F200,2025-07-15 11:37:36,CONFIRMED,Z******8,28A,Omisha Goda,+91--XXXXXX-4518,b0bb5b2f01a2b62f,2025,7,15,Tuesday
B1962,P1432,SJ077,2025-12-23 11:37:36,CONFIRMED,B******7,18C,Balhaar Ranganathan,+91--XXXXXX-9246,17dc28b5274e968e,2025,12,23,Tuesday
B1963,P1495,UK030,2026-02-24 11:37:36,CONFIRMED,C******3,27F,Warhi Grewal,+91--XXXXXX-8001,48606c70656c60a4,2026,2,24,Tuesday
B1964,P1998,SJ232,2025-05-21 11:37:36,PENDING,X******8,18B,Bimala Barad,+91--XXXXXX-2887,f766d159d0d4c620,2025,5,21,Wednesday
B1965,P1099,6F090,2026-01-29 11:37:36,CONFIRMED,N******4,20D,Aditya Misra,+91--XXXXXX-9379,f5798224fe5db592,2026,1,29,Thursday
B1966,P1989,UK002,2025-11-06 11:37:36,CONFIRMED,L******4,12B,Hredhaan Nayak,+91--XXXXXX-0512,d54bde45df50a22c,2025,11,6,Thursday
B1967,P1598,AI154,2025-07-03 11:37:36,CANCELLED,A******1,22C,Bhavani Sha,+91--XXXXXX-3141,b19f78830f66b414,2025,7,3,Thursday
B1968,P1402,6F089,2025-10-11 11:37:36,CONFIRMED,Y******4,2D,Wakeeta Desai,+91--XXXXXX-4142,4abebf7865c2bf9f,2025,10,11,Saturday
B1969,P1395,6F218,2026-04-08 11:37:36,CONFIRMED,T******5,29A,Yamini Sidhu,+91--XXXXXX-5719,bfb7db4d4a83bbb0,2026,4,8,Wednesday
B1970,P1526,6F241,2025-11-26 11:37:36,CONFIRMED,G******5,12B,Anjali Hans,+91--XXXXXX-5066,f78235e08854c972,2025,11,26,Wednesday
B1971,P1414,6F116,2025-08-20 11:37:36,CONFIRMED,Z******4,2B,Isaiah Narayanan,+91--XXXXXX-9642,f661f303c5690e6b,2025,8,20,Wednesday
B1972,P1938,UK199,2025-04-18 11:37:36,CANCELLED,F******7,19B,Nicholas Shanker,+91--XXXXXX-8516,25236a3db8c263fb,2025,4,18,Friday
B1973,P1612,SJ033,2025-04-28 11:37:36,CANCELLED,E******2,8C,Aarini Grewal,+91--XXXXXX-3057,55190c6b2fd3ea76,2025,4,28,Monday
B1974,P1676,AI210,2025-08-03 11:37:36,PENDING,F******6,15B,Akshay Nazareth,+91--XXXXXX-3035,af40b8ac9bae8afc,2025,8,3,Sunday
B1975,P1462,UK148,2025-08-26 11:37:36,UNKNOWN,B******0,20E,Chakrika Hans,+91--XXXXXX-9630,e67763d69b306976,2025,8,26,Tuesday
B1976,P1540,AI229,2025-08-27 11:37:36,PENDING,F******1,16F,Parth Ravi,+91--XXXXXX-3619,4d82304f5bf1a483,2025,8,27,Wednesday
B1977,P1625,UK005,2026-01-01 11:37:36,PENDING,M******9,4A,Prisha Varma,+91--XXXXXX-4286,64205c2d6396a57b,2026,1,1,Thursday
B1978,P1618,SJ080,2025-12-07 11:37:36,CONFIRMED,A******2,12C,Falak Chadha,+91--XXXXXX-7464,e57f5ab71471b9ec,2025,12,7,Sunday
B1979,P1921,SJ092,2025-12-02 11:37:36,CANCELLED,J******4,1F,Nandini Chandran,+91--XXXXXX-0698,0861d56d688c045a,2025,12,2,Tuesday
B1980,P1363,SJ055,2025-12-04 11:37:36,CANCELLED,Y******2,15A,Qasim Dey,+91--XXXXXX-7348,0ef2d055b8c0e768,2025,12,4,Thursday
B1981,P1129,AI239,2025-05-17 11:37:36,CONFIRMED,Z******6,19D,Vansha Naik,+91--XXXXXX-2612,84df77dd89a9ac74,2025,5,17,Saturday
B1982,P1083,6F162,2025-06-17 11:37:36,UNKNOWN,H******3,7A,Yuvraj Ahuja,+91--XXXXXX-6975,9a8b6239b3fc87a5,2025,6,17,Tuesday
B1983,P1270,UK101,2025-06-28 11:37:36,UNKNOWN,P******7,27A,Advika Rajagopal,+91--XXXXXX-7066,cd968e20b8d066a4,2025,6,28,Saturday
B1984,P1243,6F198,2025-04-25 11:37:36,CONFIRMED,X******0,27F,Warinder Sekhon,+91--XXXXXX-7129,852824e7ff95607a,2025,4,25,Friday
B1985,P1387,6F239,2025-09-28 11:37:36,CONFIRMED,Y******6,31F,Amara Narayan,+91--XXXXXX-3192,ec1095b57fb200f1,2025,9,28,Sunday
B1986,P1213,SJ177,2025-10-07 11:37:36,CONFIRMED,N******2,13F,Chasmum Apte,+91--XXXXXX-2114,eb0feb8fe6065761,2025,10,7,Tuesday
B1987,P1817,6F044,2026-03-12 11:37:36,CANCELLED,W******8,19F,Advika Parsa,+91--XXXXXX-0463,e0b59e8b75b9e011,2026,3,12,Thursday
B1988,P1165,6F248,2026-02-17 11:37:36,PENDING,H******4,13A,Warinder Bhatia,+91--XXXXXX-0464,79c803c4e259870a,2026,2,17,Tuesday
B1989,P1790,6F002,2025-12-10 11:37:36,UNKNOWN,H******2,16F,Jagat Shroff,+91--XXXXXX-6840,a383a7d15e8883f5,2025,12,10,Wednesday
B1990,P1058,SJ197,2026-03-31 11:37:36,CONFIRMED,E******6,14B,Damyanti Dutta,+91--XXXXXX-8281,fe9bc0cccf8f0c3c,2026,3,31,Tuesday
B1991,P1601,UK091,2026-01-14 11:37:36,CANCELLED,W******6,22E,Nidra Thakkar,+91--XXXXXX-0428,85a58bf11fc1ed57,2026,1,14,Wednesday
B1992,P1882,6F215,2025-04-25 11:37:36,CONFIRMED,G******0,25C,Deepa Dalal,+91--XXXXXX-2908,08ecee1f8b68e186,2025,4,25,Friday
B1993,P1842,AI093,2026-03-11 11:37:36,CANCELLED,P******5,5B,Chakrika Pillai,+91--XXXXXX-9255,769112b7056c2376,2026,3,11,Wednesday
B1994,P1923,UK090,2026-03-31 11:37:36,CONFIRMED,J******6,21D,Timothy Kanda,+91--XXXXXX-0874,0177597f7ffdc14b,2026,3,31,Tuesday
B1995,P1503,SJ005,2025-11-20 11:37:36,CANCELLED,J******2,11C,Kiaan Sridhar,+91--XXXXXX-8644,ee94ceea3be1f2af,2025,11,20,Thursday
B1996,P1705,UK106,2025-08-08 11:37:36,CANCELLED,M******0,27E,Michael Sha,+91--XXXXXX-9827,88b8736f40b5bccb,2025,8,8,Friday
B1997,P1122,6F223,2025-05-03 11:37:36,PENDING,P******0,27B,Kashvi Sagar,+91--XXXXXX-6636,ff07c02ca37001eb,2025,5,3,Saturday
B1998,P1647,6F011,2025-10-23 11:37:36,CONFIRMED,T******7,14C,Urishilla Yogi,+91--XXXXXX-5033,3f6cf9853c143e56,2025,10,23,Thursday
B1999,P1412,UK124,2025-08-08 11:37:36,UNKNOWN,C******0,12B,Tejas Kota,+91--XXXXXX-2188,ff45e7846a032ebb,2025,8,8,Friday
